edad,raza,sexo,estado_reproductivo,peso,tamano_corporal,motivo_consulta,antecedentes_medicos_previos,masa_tumoral_previa,tiempo_evolucion_lesion,tratamientos_previos,numero_lesiones,ubicacion_anatomica_tumor,tamano_lesion,forma_tumor,consistencia,movilidad,bordes,velocidad_crecimiento,ulceracion,invasion_tejidos_cercanos,tipo_estudio_diagnostico,citologia_realizada,biopsia_realizada,histopatologia_realizada,diagnostico_citologico,diagnostico_histopatologico,tipo_tumor,grado_tumoral,indice_mitotico,pleomorfismo_celular,necrosis_tumoral,metastasis,compromiso_ganglionar,recurrencia_tumoral,progresion_enfermedad,pronostico_clinico,tipo_tratamiento,respuesta_tratamiento,seguimiento_clinico,cancer_confirmado
10.6,Labrador,F,entero,12.4,grande,masa palpable,endocrinopatia,True,6.0,ninguno,1,mama,2.32,nodular,dura,movil,infiltrativos,rapido,False,False,imagen,True,False,True,sospechoso,no realizado,carcinoma,alto,2.8,severo,True,False,False,False,progresiva,favorable,cirugia+quimio,sin tratamiento,12 meses,1
3.9,Labrador,M,entero,35.5,pequeno,cojera,ninguno,False,6.5,antibioticos,1,cavidad oral,3.39,lobulada,dura,fija,infiltrativos,lento,False,True,citologia,True,True,False,sospechoso,inflamatorio,adenoma,intermedio,14.8,severo,False,True,False,False,regresiva,reservado,cirugia,mala,12 meses,0
9.1,Beagle,F,esterilizado,18.2,pequeno,sangrado local,obesidad,True,0.9,ninguno,1,bazo,1.69,difusa,dura,movil,irregulares,moderado,False,False,biopsia,False,False,True,benigno,inflamatorio,sarcoma,alto,2.0,no aplica,True,True,False,False,regresiva,favorable,paliativo,sin tratamiento,6 meses,0
15.3,Mestizo,M,esterilizado,23.5,pequeno,perdida de apetito,cirugia previa,True,3.5,ninguno,1,bazo,4.53,nodular,dura,movil,definidos,rapido,False,False,biopsia,True,False,False,sospechoso,,lipoma,,,no aplica,True,False,False,False,estable,desfavorable,cirugia,sin tratamiento,1 mes,0
8.7,Pastor Alemán,F,entero,25.6,grande,sangrado local,endocrinopatia,False,11.0,cirugia previa,1,piel,1.14,difusa,firme,semi-fija,irregulares,moderado,False,True,examen clinico,True,False,False,benigno,maligno,mastocitoma,intermedio,9.7,moderado,False,False,False,False,progresiva,desfavorable,observacion,sin tratamiento,1 mes,0
4.2,French Bulldog,M,entero,18.9,mediano,perdida de apetito,obesidad,True,9.8,cirugia previa,1,mama,2.88,nodular,dura,fija,infiltrativos,lento,False,True,imagen,True,False,True,benigno,maligno,adenoma,bajo,12.2,moderado,False,False,False,False,estable,desfavorable,observacion,mala,6 meses,0
11.1,Pastor Alemán,F,esterilizado,42.0,pequeno,masa palpable,obesidad,False,8.0,ninguno,1,extremidad,2.15,lobulada,blanda,semi-fija,definidos,lento,False,True,biopsia,True,False,False,benigno,inflamatorio,sarcoma,bajo,16.9,moderado,True,False,False,True,progresiva,desfavorable,cirugia,parcial,3 meses,1
1.8,Beagle,F,esterilizado,4.9,mediano,cojera,cirugia previa,True,6.3,cirugia previa,2,piel,1.27,irregular,dura,movil,irregulares,rapido,False,False,examen clinico,True,False,False,benigno,inflamatorio,mastocitoma,intermedio,12.0,severo,False,False,False,False,estable,favorable,cirugia,buena,12 meses,1
14.0,Boxer,M,esterilizado,9.7,grande,masa palpable,obesidad,False,12.0,antiinflamatorios,1,tejido subcutaneo,3.34,irregular,blanda,movil,infiltrativos,lento,False,False,examen clinico,False,True,False,no concluyente,inflamatorio,adenoma,bajo,15.8,severo,True,False,False,True,progresiva,reservado,quimioterapia,,1 mes,1
14.9,Mestizo,M,esterilizado,21.1,grande,perdida de apetito,endocrinopatia,True,11.9,antibioticos,2,cavidad oral,6.1,lobulada,firme,fija,irregulares,rapido,True,False,imagen,True,False,False,maligno,no realizado,linfoma,bajo,5.5,moderado,False,False,False,False,progresiva,desfavorable,cirugia,mala,3 meses,1
15.3,Golden Retriever,F,entero,36.9,pequeno,masa palpable,ninguno,True,6.8,ninguno,2,tejido subcutaneo,8.01,irregular,dura,fija,irregulares,moderado,False,True,examen clinico,False,False,False,no concluyente,maligno,mastocitoma,no aplica,0.9,moderado,False,True,True,False,regresiva,desfavorable,paliativo,parcial,12 meses,1
14.5,Beagle,F,esterilizado,13.9,pequeno,perdida de apetito,endocrinopatia,False,3.5,cirugia previa,1,bazo,2.79,lobulada,firme,semi-fija,infiltrativos,lento,True,False,citologia,False,True,True,no concluyente,no realizado,adenoma,intermedio,15.0,no aplica,False,False,False,False,regresiva,reservado,cirugia+quimio,sin tratamiento,6 meses,1
12.0,Boxer,M,esterilizado,12.2,mediano,chequeo general,ninguno,False,9.4,cirugia previa,3,mama,7.61,irregular,dura,fija,definidos,moderado,False,False,examen clinico,True,True,True,benigno,,lipoma,alto,3.8,severo,False,False,False,False,progresiva,reservado,observacion,,1 mes,0
15.4,Labrador,M,entero,11.4,pequeno,sangrado local,dermatitis,True,6.7,ninguno,2,mama,4.35,lobulada,firme,movil,infiltrativos,rapido,False,False,citologia,False,True,True,maligno,,lipoma,intermedio,,moderado,True,False,False,False,estable,desfavorable,observacion,parcial,12 meses,1
8.4,French Bulldog,F,esterilizado,32.7,mediano,cojera,endocrinopatia,False,3.9,cirugia previa,2,tejido subcutaneo,7.48,lobulada,firme,movil,definidos,moderado,False,False,imagen,True,False,True,no concluyente,inflamatorio,mastocitoma,no aplica,3.8,severo,False,False,False,False,estable,desfavorable,cirugia,sin tratamiento,3 meses,0
8.4,Boxer,M,entero,15.4,mediano,cojera,cirugia previa,False,5.3,antibioticos,2,bazo,5.09,lobulada,dura,semi-fija,irregulares,moderado,True,True,citologia,True,False,False,sospechoso,,mastocitoma,no aplica,5.0,severo,False,False,False,False,progresiva,favorable,paliativo,buena,6 meses,1
12.3,Labrador,M,esterilizado,22.7,mediano,perdida de apetito,dermatitis,False,3.7,cirugia previa,1,piel,3.79,nodular,dura,fija,infiltrativos,lento,True,False,biopsia,True,True,False,no concluyente,maligno,linfoma,no aplica,8.1,no aplica,False,False,False,False,estable,desfavorable,observacion,buena,3 meses,1
7.1,Beagle,F,esterilizado,4.4,mediano,perdida de apetito,obesidad,True,3.4,antibioticos,3,extremidad,6.05,irregular,firme,movil,infiltrativos,lento,False,False,citologia,True,True,True,maligno,no realizado,adenoma,no aplica,12.4,no aplica,False,False,False,True,estable,reservado,quimioterapia,parcial,1 mes,1
16.0,Beagle,F,entero,35.1,pequeno,chequeo general,endocrinopatia,False,12.8,antiinflamatorios,2,tejido subcutaneo,5.82,difusa,blanda,semi-fija,irregulares,moderado,False,False,citologia,True,False,True,no concluyente,benigno,lipoma,bajo,5.7,severo,True,False,False,False,estable,desfavorable,paliativo,mala,12 meses,1
1.8,Pastor Alemán,M,esterilizado,21.4,grande,chequeo general,ninguno,True,8.9,antiinflamatorios,3,mama,3.0,nodular,dura,semi-fija,definidos,lento,False,False,imagen,False,False,True,maligno,inflamatorio,lipoma,no aplica,,moderado,False,True,True,False,regresiva,favorable,observacion,parcial,12 meses,1
13.6,Mestizo,F,entero,21.8,mediano,perdida de apetito,cirugia previa,False,7.7,cirugia previa,1,mama,8.83,irregular,dura,semi-fija,definidos,moderado,True,False,imagen,True,False,False,sospechoso,no realizado,adenoma,intermedio,9.0,severo,False,False,False,False,progresiva,favorable,cirugia,mala,3 meses,1
2.2,Pastor Alemán,F,esterilizado,29.3,mediano,sangrado local,ninguno,False,3.4,antibioticos,1,bazo,1.09,nodular,dura,fija,definidos,moderado,True,False,examen clinico,True,False,True,maligno,no realizado,mastocitoma,intermedio,,moderado,True,True,False,False,estable,reservado,paliativo,buena,3 meses,1
14.5,Beagle,M,entero,21.6,mediano,sangrado local,cirugia previa,False,6.1,antibioticos,2,cavidad oral,2.03,difusa,firme,movil,definidos,moderado,False,False,biopsia,True,False,True,benigno,benigno,linfoma,no aplica,15.0,severo,False,False,False,False,estable,desfavorable,quimioterapia,buena,1 mes,0
12.0,Labrador,F,esterilizado,34.4,pequeno,cojera,dermatitis,False,12.3,antibioticos,2,extremidad,8.25,irregular,firme,semi-fija,irregulares,rapido,False,False,imagen,False,True,False,no concluyente,inflamatorio,adenoma,no aplica,0.3,leve,False,False,False,False,regresiva,reservado,observacion,buena,12 meses,1
1.9,Boxer,F,esterilizado,30.3,pequeno,cojera,ninguno,False,4.4,cirugia previa,1,piel,2.34,irregular,firme,semi-fija,irregulares,rapido,False,False,imagen,True,False,False,benigno,no realizado,linfoma,no aplica,16.9,severo,True,False,False,False,progresiva,favorable,quimioterapia,parcial,1 mes,1
10.9,Beagle,M,entero,36.0,pequeno,cojera,endocrinopatia,True,11.7,antiinflamatorios,2,mama,7.37,irregular,firme,movil,infiltrativos,lento,True,False,citologia,True,False,True,benigno,maligno,adenoma,alto,14.2,moderado,False,True,False,True,progresiva,desfavorable,observacion,sin tratamiento,12 meses,1
10.2,Beagle,F,esterilizado,30.0,pequeno,masa palpable,obesidad,False,6.1,ninguno,2,bazo,8.21,nodular,blanda,semi-fija,infiltrativos,lento,True,False,biopsia,True,False,True,no concluyente,benigno,sarcoma,bajo,15.4,moderado,False,False,False,False,progresiva,reservado,observacion,parcial,12 meses,1
2.4,Labrador,M,esterilizado,7.1,grande,perdida de apetito,dermatitis,False,8.3,antibioticos,3,piel,3.87,difusa,dura,movil,irregulares,rapido,False,True,citologia,True,True,False,maligno,inflamatorio,adenoma,alto,10.3,no aplica,False,False,False,False,regresiva,desfavorable,observacion,,1 mes,1
14.0,Mestizo,F,entero,9.0,grande,masa palpable,ninguno,False,3.2,cirugia previa,2,cavidad oral,1.67,lobulada,dura,semi-fija,infiltrativos,rapido,True,True,citologia,False,True,True,no concluyente,no realizado,lipoma,,7.5,moderado,False,True,False,False,regresiva,desfavorable,cirugia+quimio,parcial,1 mes,1
12.5,Boxer,F,esterilizado,16.8,pequeno,chequeo general,obesidad,True,5.4,antiinflamatorios,2,extremidad,7.55,lobulada,blanda,semi-fija,infiltrativos,lento,False,False,examen clinico,False,False,False,no concluyente,inflamatorio,adenoma,no aplica,0.4,severo,True,False,False,False,progresiva,favorable,cirugia+quimio,sin tratamiento,3 meses,1
4.3,Boxer,M,entero,24.4,pequeno,sangrado local,endocrinopatia,True,10.9,antibioticos,3,bazo,7.39,irregular,blanda,movil,irregulares,lento,True,True,examen clinico,True,False,True,no concluyente,,sarcoma,alto,2.7,leve,False,False,False,False,progresiva,desfavorable,observacion,parcial,12 meses,1
13.8,Mestizo,F,esterilizado,27.4,grande,masa palpable,obesidad,False,8.1,antiinflamatorios,1,extremidad,4.44,irregular,blanda,semi-fija,definidos,moderado,False,True,citologia,True,False,False,sospechoso,inflamatorio,carcinoma,alto,7.0,severo,False,True,False,False,progresiva,favorable,paliativo,mala,6 meses,1
2.2,Beagle,M,esterilizado,16.0,grande,chequeo general,dermatitis,False,13.1,antibioticos,2,tejido subcutaneo,5.9,lobulada,blanda,fija,infiltrativos,rapido,False,False,examen clinico,True,True,True,maligno,inflamatorio,mastocitoma,intermedio,6.2,no aplica,True,False,True,False,estable,desfavorable,paliativo,sin tratamiento,6 meses,1
11.4,Mestizo,M,esterilizado,4.8,mediano,cojera,obesidad,False,10.6,cirugia previa,1,extremidad,2.38,difusa,blanda,semi-fija,infiltrativos,rapido,False,False,biopsia,False,True,True,sospechoso,maligno,linfoma,intermedio,15.7,leve,False,False,False,True,regresiva,favorable,quimioterapia,sin tratamiento,3 meses,1
4.3,French Bulldog,F,entero,20.4,mediano,sangrado local,cirugia previa,True,13.9,antibioticos,1,piel,3.07,nodular,dura,fija,irregulares,lento,True,False,imagen,True,True,False,no concluyente,benigno,adenoma,bajo,,moderado,False,False,False,True,progresiva,favorable,quimioterapia,sin tratamiento,1 mes,0
8.5,Mestizo,M,entero,33.2,mediano,chequeo general,ninguno,False,3.5,cirugia previa,1,bazo,6.11,lobulada,blanda,fija,infiltrativos,rapido,False,False,examen clinico,True,True,False,maligno,inflamatorio,sarcoma,bajo,6.4,leve,False,False,False,False,regresiva,reservado,cirugia,sin tratamiento,6 meses,1
11.4,Beagle,M,entero,5.7,mediano,masa palpable,cirugia previa,True,11.1,ninguno,1,cavidad oral,4.78,difusa,firme,movil,infiltrativos,lento,True,False,examen clinico,False,True,True,maligno,no realizado,lipoma,no aplica,16.1,no aplica,False,False,False,False,regresiva,reservado,observacion,mala,1 mes,1
5.9,Pastor Alemán,F,esterilizado,28.3,mediano,cojera,obesidad,False,0.8,antibioticos,2,tejido subcutaneo,2.69,nodular,blanda,fija,infiltrativos,moderado,False,False,citologia,False,True,False,no concluyente,benigno,mastocitoma,bajo,4.2,severo,False,False,True,True,progresiva,reservado,quimioterapia,mala,1 mes,0
2.7,Beagle,M,esterilizado,24.7,grande,masa palpable,cirugia previa,False,9.9,antiinflamatorios,2,cavidad oral,6.34,difusa,blanda,movil,definidos,lento,False,False,imagen,False,False,False,maligno,inflamatorio,sarcoma,bajo,9.9,severo,False,False,False,False,regresiva,favorable,quimioterapia,buena,1 mes,0
9.6,French Bulldog,M,entero,5.8,mediano,chequeo general,endocrinopatia,False,5.9,ninguno,1,cavidad oral,5.89,difusa,firme,fija,infiltrativos,moderado,True,False,citologia,False,True,False,benigno,benigno,linfoma,intermedio,5.5,moderado,False,False,False,False,progresiva,favorable,quimioterapia,buena,6 meses,1
15.1,Golden Retriever,M,esterilizado,38.4,grande,masa palpable,ninguno,True,13.3,antibioticos,3,mama,6.97,difusa,dura,fija,definidos,moderado,False,False,biopsia,True,False,False,maligno,no realizado,adenoma,bajo,2.8,no aplica,False,False,False,False,regresiva,reservado,quimioterapia,mala,3 meses,0
7.7,Golden Retriever,M,entero,15.2,mediano,sangrado local,obesidad,True,12.1,antiinflamatorios,1,extremidad,6.57,irregular,blanda,semi-fija,infiltrativos,moderado,False,False,examen clinico,True,True,True,sospechoso,maligno,linfoma,alto,0.9,severo,False,False,False,False,regresiva,favorable,observacion,mala,3 meses,0
9.6,Golden Retriever,F,esterilizado,6.1,grande,chequeo general,endocrinopatia,True,13.8,ninguno,1,piel,3.73,lobulada,dura,semi-fija,definidos,lento,False,False,examen clinico,True,True,True,no concluyente,,mastocitoma,intermedio,5.9,severo,True,False,False,False,progresiva,desfavorable,paliativo,mala,6 meses,0
5.6,Beagle,M,esterilizado,14.2,grande,sangrado local,endocrinopatia,True,0.9,cirugia previa,1,extremidad,5.77,difusa,blanda,fija,definidos,lento,False,False,citologia,True,True,True,sospechoso,no realizado,linfoma,no aplica,15.7,leve,False,False,False,False,progresiva,desfavorable,cirugia+quimio,parcial,3 meses,0
11.2,Boxer,F,esterilizado,11.1,pequeno,perdida de apetito,endocrinopatia,True,13.2,antibioticos,1,bazo,2.1,difusa,firme,semi-fija,irregulares,rapido,False,False,biopsia,True,False,False,no concluyente,inflamatorio,mastocitoma,alto,,leve,False,False,False,False,estable,desfavorable,quimioterapia,parcial,3 meses,1
4.4,Golden Retriever,M,entero,20.4,grande,chequeo general,ninguno,False,2.1,antiinflamatorios,2,bazo,8.43,difusa,firme,fija,definidos,moderado,False,False,examen clinico,True,True,False,benigno,maligno,lipoma,intermedio,16.8,leve,False,False,False,False,progresiva,favorable,observacion,parcial,1 mes,0
14.3,Golden Retriever,F,esterilizado,11.1,pequeno,perdida de apetito,dermatitis,False,9.1,antiinflamatorios,1,bazo,3.23,lobulada,dura,fija,definidos,lento,False,False,imagen,False,True,True,benigno,maligno,mastocitoma,,5.8,moderado,True,False,False,False,progresiva,reservado,paliativo,sin tratamiento,6 meses,0
7.1,Mestizo,F,entero,29.8,mediano,perdida de apetito,endocrinopatia,True,13.4,cirugia previa,1,tejido subcutaneo,6.81,lobulada,firme,fija,infiltrativos,moderado,False,False,citologia,False,False,False,benigno,no realizado,linfoma,alto,1.4,leve,True,False,False,False,estable,favorable,quimioterapia,mala,1 mes,0
1.8,Golden Retriever,F,esterilizado,26.7,grande,chequeo general,cirugia previa,False,5.7,ninguno,3,mama,5.33,nodular,firme,semi-fija,infiltrativos,lento,False,True,examen clinico,False,True,True,sospechoso,maligno,sarcoma,no aplica,6.7,no aplica,False,False,False,True,regresiva,desfavorable,cirugia,parcial,1 mes,1
1.1,Labrador,F,esterilizado,31.3,grande,chequeo general,endocrinopatia,False,3.4,cirugia previa,1,mama,2.7,nodular,blanda,fija,irregulares,rapido,False,False,examen clinico,True,True,False,no concluyente,benigno,mastocitoma,bajo,7.2,moderado,False,False,False,True,progresiva,favorable,paliativo,parcial,6 meses,1
5.1,Mestizo,M,esterilizado,26.3,pequeno,perdida de apetito,obesidad,False,4.6,cirugia previa,2,mama,2.91,irregular,dura,semi-fija,definidos,lento,False,False,imagen,False,False,False,sospechoso,no realizado,mastocitoma,alto,3.7,leve,False,False,True,False,estable,favorable,quimioterapia,mala,1 mes,0
8.2,Boxer,F,esterilizado,43.2,pequeno,cojera,dermatitis,False,1.8,cirugia previa,1,bazo,5.56,irregular,firme,movil,infiltrativos,moderado,False,False,biopsia,True,True,False,no concluyente,benigno,sarcoma,no aplica,13.7,severo,False,False,False,False,estable,desfavorable,cirugia,sin tratamiento,6 meses,1
4.5,Mestizo,M,esterilizado,26.1,grande,perdida de apetito,cirugia previa,False,6.9,cirugia previa,2,mama,6.68,lobulada,blanda,movil,infiltrativos,rapido,False,False,examen clinico,True,False,True,benigno,benigno,lipoma,intermedio,,moderado,True,True,True,False,estable,desfavorable,paliativo,mala,12 meses,1
9.0,Pastor Alemán,M,esterilizado,36.9,pequeno,masa palpable,ninguno,False,3.5,antibioticos,1,cavidad oral,7.22,nodular,firme,semi-fija,irregulares,rapido,True,False,biopsia,True,False,False,benigno,benigno,lipoma,no aplica,6.8,no aplica,True,True,True,False,progresiva,desfavorable,quimioterapia,sin tratamiento,1 mes,1
14.9,Beagle,F,entero,10.5,mediano,masa palpable,dermatitis,False,10.6,cirugia previa,1,cavidad oral,1.71,irregular,dura,semi-fija,infiltrativos,rapido,False,False,citologia,False,False,True,maligno,benigno,adenoma,no aplica,4.2,leve,False,False,False,False,progresiva,favorable,quimioterapia,mala,12 meses,1
6.7,Boxer,F,entero,33.0,pequeno,perdida de apetito,dermatitis,False,11.0,antiinflamatorios,3,tejido subcutaneo,3.06,nodular,blanda,movil,irregulares,moderado,False,False,citologia,True,True,False,no concluyente,benigno,adenoma,bajo,6.4,leve,False,False,False,True,progresiva,reservado,observacion,buena,3 meses,0
3.5,Pastor Alemán,F,esterilizado,23.3,pequeno,perdida de apetito,cirugia previa,False,10.1,cirugia previa,2,extremidad,2.0,nodular,blanda,semi-fija,definidos,moderado,False,False,biopsia,True,True,False,sospechoso,inflamatorio,carcinoma,intermedio,8.6,moderado,False,False,False,False,progresiva,desfavorable,cirugia,parcial,12 meses,0
16.0,Golden Retriever,M,esterilizado,42.6,pequeno,chequeo general,cirugia previa,False,1.2,cirugia previa,3,tejido subcutaneo,1.51,lobulada,blanda,semi-fija,infiltrativos,lento,False,False,examen clinico,True,False,False,no concluyente,benigno,carcinoma,bajo,2.0,moderado,False,False,False,True,regresiva,desfavorable,cirugia+quimio,parcial,12 meses,1
11.3,Golden Retriever,F,esterilizado,19.4,grande,sangrado local,endocrinopatia,True,14.0,cirugia previa,1,cavidad oral,3.92,nodular,blanda,fija,definidos,moderado,False,False,citologia,True,True,True,no concluyente,inflamatorio,adenoma,alto,0.8,leve,True,False,True,False,regresiva,favorable,paliativo,buena,3 meses,0
3.8,Beagle,F,esterilizado,4.2,grande,cojera,obesidad,False,5.6,antiinflamatorios,1,cavidad oral,6.85,nodular,dura,movil,infiltrativos,lento,False,True,examen clinico,True,False,False,maligno,no realizado,linfoma,no aplica,10.6,severo,False,False,True,False,progresiva,desfavorable,paliativo,sin tratamiento,3 meses,1
6.8,Mestizo,M,esterilizado,20.8,mediano,sangrado local,dermatitis,False,7.0,antiinflamatorios,1,cavidad oral,7.63,nodular,firme,movil,irregulares,lento,True,False,imagen,True,True,False,no concluyente,no realizado,mastocitoma,bajo,10.2,moderado,False,False,False,True,progresiva,desfavorable,cirugia+quimio,sin tratamiento,1 mes,1
12.4,French Bulldog,M,esterilizado,7.3,grande,cojera,cirugia previa,False,0.6,antibioticos,1,piel,4.12,nodular,blanda,movil,infiltrativos,rapido,False,False,imagen,True,True,True,sospechoso,benigno,linfoma,alto,9.6,moderado,False,False,False,False,regresiva,desfavorable,observacion,buena,12 meses,1
4.7,Beagle,F,entero,35.0,grande,chequeo general,obesidad,True,8.9,cirugia previa,2,tejido subcutaneo,0.96,nodular,firme,fija,infiltrativos,moderado,False,False,imagen,False,True,True,benigno,no realizado,sarcoma,alto,,no aplica,True,False,True,False,progresiva,reservado,paliativo,buena,12 meses,0
13.6,Labrador,M,entero,21.5,pequeno,chequeo general,dermatitis,False,12.7,antibioticos,1,cavidad oral,1.11,lobulada,firme,movil,irregulares,rapido,False,True,imagen,True,False,False,no concluyente,benigno,sarcoma,bajo,0.0,no aplica,True,False,False,False,estable,desfavorable,quimioterapia,sin tratamiento,12 meses,1
2.5,Pastor Alemán,F,entero,19.1,pequeno,cojera,ninguno,False,0.3,antiinflamatorios,2,cavidad oral,6.59,irregular,firme,fija,infiltrativos,moderado,False,True,examen clinico,True,True,False,maligno,no realizado,carcinoma,,4.5,leve,True,False,False,False,regresiva,favorable,quimioterapia,buena,3 meses,1
8.4,Labrador,M,esterilizado,29.8,pequeno,sangrado local,ninguno,False,13.1,antiinflamatorios,2,extremidad,3.96,irregular,firme,movil,definidos,rapido,True,False,examen clinico,False,False,True,maligno,no realizado,lipoma,no aplica,1.5,moderado,True,False,False,True,estable,desfavorable,quimioterapia,mala,1 mes,1
14.9,Labrador,F,entero,16.0,grande,cojera,ninguno,True,2.1,ninguno,1,tejido subcutaneo,8.59,lobulada,blanda,semi-fija,definidos,rapido,False,False,examen clinico,False,True,False,maligno,benigno,carcinoma,bajo,8.9,severo,True,False,True,True,estable,desfavorable,observacion,buena,1 mes,1
3.3,Boxer,M,esterilizado,12.4,pequeno,chequeo general,cirugia previa,True,1.3,antibioticos,1,extremidad,6.16,nodular,blanda,movil,infiltrativos,lento,False,True,imagen,False,False,True,benigno,no realizado,adenoma,alto,3.6,severo,False,False,False,False,estable,desfavorable,paliativo,buena,3 meses,1
14.2,Pastor Alemán,M,esterilizado,38.7,grande,perdida de apetito,ninguno,True,13.8,cirugia previa,2,piel,8.76,irregular,dura,semi-fija,definidos,lento,False,False,imagen,False,True,False,benigno,benigno,linfoma,intermedio,11.5,no aplica,True,False,False,False,estable,reservado,quimioterapia,parcial,12 meses,0
4.0,Boxer,M,entero,7.4,mediano,chequeo general,cirugia previa,False,7.6,antiinflamatorios,2,cavidad oral,4.33,nodular,blanda,movil,infiltrativos,moderado,False,False,examen clinico,True,False,True,sospechoso,inflamatorio,lipoma,bajo,,severo,False,True,False,False,regresiva,desfavorable,paliativo,buena,1 mes,1
15.7,Golden Retriever,M,esterilizado,18.6,grande,masa palpable,endocrinopatia,False,12.9,ninguno,1,piel,2.02,difusa,blanda,movil,irregulares,lento,True,False,citologia,False,True,False,no concluyente,benigno,lipoma,no aplica,3.1,moderado,False,False,False,True,regresiva,desfavorable,paliativo,buena,6 meses,0
7.3,Beagle,M,entero,44.6,grande,perdida de apetito,obesidad,False,6.9,antibioticos,2,cavidad oral,1.86,lobulada,dura,movil,definidos,moderado,True,False,biopsia,False,False,False,benigno,maligno,sarcoma,intermedio,4.8,leve,False,False,False,False,progresiva,reservado,cirugia,,3 meses,0
11.5,Mestizo,M,entero,38.1,mediano,sangrado local,cirugia previa,True,0.7,ninguno,1,extremidad,2.2,difusa,blanda,semi-fija,infiltrativos,lento,False,False,citologia,False,False,True,benigno,maligno,linfoma,intermedio,13.9,severo,False,False,False,False,estable,reservado,quimioterapia,parcial,3 meses,0
5.8,Beagle,F,entero,31.0,pequeno,chequeo general,cirugia previa,False,4.3,antiinflamatorios,3,piel,8.55,difusa,dura,movil,definidos,rapido,False,False,citologia,True,True,True,maligno,benigno,mastocitoma,alto,17.7,moderado,False,False,False,False,regresiva,reservado,cirugia+quimio,sin tratamiento,6 meses,1
1.7,French Bulldog,F,entero,40.2,mediano,chequeo general,cirugia previa,False,1.6,cirugia previa,2,bazo,6.9,irregular,blanda,semi-fija,definidos,lento,True,False,examen clinico,True,True,True,benigno,benigno,carcinoma,no aplica,12.7,no aplica,False,True,False,True,estable,reservado,cirugia,buena,12 meses,0
4.6,Labrador,F,esterilizado,9.5,mediano,masa palpable,obesidad,True,11.6,cirugia previa,1,piel,0.52,irregular,dura,semi-fija,definidos,moderado,False,False,imagen,True,False,True,no concluyente,maligno,carcinoma,no aplica,6.6,no aplica,True,False,False,False,regresiva,favorable,cirugia,sin tratamiento,1 mes,0
1.9,French Bulldog,F,esterilizado,27.1,pequeno,chequeo general,cirugia previa,True,12.7,ninguno,2,extremidad,8.13,irregular,blanda,semi-fija,definidos,lento,False,False,citologia,True,True,False,sospechoso,maligno,linfoma,alto,5.8,leve,True,False,False,False,regresiva,reservado,observacion,mala,1 mes,1
14.9,Mestizo,M,esterilizado,39.4,mediano,chequeo general,cirugia previa,False,6.9,cirugia previa,1,mama,2.7,irregular,dura,fija,infiltrativos,rapido,False,False,biopsia,True,True,True,maligno,inflamatorio,adenoma,alto,14.7,severo,False,False,False,False,estable,favorable,quimioterapia,mala,6 meses,1
13.4,Beagle,F,esterilizado,37.5,grande,cojera,ninguno,True,7.2,antiinflamatorios,2,extremidad,0.55,irregular,blanda,movil,definidos,lento,False,False,citologia,True,False,False,benigno,benigno,mastocitoma,alto,8.8,no aplica,True,False,False,False,estable,reservado,observacion,parcial,1 mes,1
10.7,Beagle,M,esterilizado,30.4,grande,masa palpable,ninguno,False,2.0,antiinflamatorios,2,piel,2.25,lobulada,dura,fija,infiltrativos,moderado,False,False,biopsia,True,True,True,no concluyente,benigno,adenoma,alto,,severo,False,True,True,False,regresiva,reservado,quimioterapia,parcial,6 meses,1
13.2,French Bulldog,F,entero,33.3,grande,chequeo general,cirugia previa,True,6.0,cirugia previa,3,piel,5.37,irregular,firme,fija,infiltrativos,lento,False,False,imagen,False,False,False,sospechoso,maligno,carcinoma,bajo,8.5,severo,False,False,False,False,progresiva,desfavorable,observacion,buena,6 meses,1
9.8,French Bulldog,M,esterilizado,5.3,grande,sangrado local,endocrinopatia,False,1.2,antiinflamatorios,2,piel,7.85,difusa,dura,semi-fija,irregulares,lento,False,True,citologia,True,False,False,no concluyente,maligno,carcinoma,intermedio,14.0,no aplica,False,False,False,True,progresiva,reservado,cirugia,buena,3 meses,1
7.1,French Bulldog,F,entero,4.6,pequeno,perdida de apetito,ninguno,False,10.6,antiinflamatorios,1,bazo,0.34,irregular,blanda,fija,irregulares,moderado,True,False,biopsia,True,False,True,maligno,,sarcoma,alto,7.8,moderado,False,False,False,True,progresiva,favorable,cirugia,buena,3 meses,1
12.9,French Bulldog,F,entero,27.9,pequeno,masa palpable,ninguno,True,1.8,cirugia previa,2,piel,5.06,difusa,dura,movil,definidos,rapido,False,True,imagen,True,False,True,sospechoso,no realizado,adenoma,bajo,5.1,leve,False,False,False,False,estable,reservado,cirugia+quimio,parcial,3 meses,1
1.0,Beagle,M,entero,38.1,grande,chequeo general,dermatitis,False,11.0,ninguno,3,bazo,1.18,lobulada,dura,movil,irregulares,moderado,True,True,citologia,False,False,True,maligno,no realizado,sarcoma,bajo,1.7,leve,True,True,False,False,progresiva,desfavorable,quimioterapia,sin tratamiento,6 meses,1
6.8,Boxer,F,esterilizado,30.3,pequeno,masa palpable,dermatitis,False,1.0,antiinflamatorios,1,tejido subcutaneo,8.23,difusa,dura,fija,irregulares,lento,False,False,examen clinico,False,False,False,sospechoso,no realizado,lipoma,bajo,16.0,no aplica,True,False,False,False,regresiva,desfavorable,paliativo,buena,6 meses,1
8.2,Beagle,F,entero,38.2,grande,sangrado local,ninguno,True,13.1,cirugia previa,2,mama,0.95,difusa,firme,movil,irregulares,moderado,True,False,imagen,True,True,True,no concluyente,benigno,lipoma,no aplica,5.7,no aplica,False,True,False,True,regresiva,favorable,observacion,parcial,3 meses,0
13.7,Pastor Alemán,F,esterilizado,33.1,pequeno,masa palpable,dermatitis,True,5.1,antibioticos,2,extremidad,3.55,nodular,blanda,movil,irregulares,lento,False,False,imagen,True,False,True,no concluyente,maligno,lipoma,intermedio,12.9,leve,False,True,False,False,estable,reservado,cirugia+quimio,buena,12 meses,1
14.9,Boxer,M,entero,33.7,pequeno,masa palpable,obesidad,False,8.6,antibioticos,2,tejido subcutaneo,3.94,irregular,firme,semi-fija,irregulares,moderado,False,True,imagen,True,False,False,maligno,maligno,mastocitoma,intermedio,11.2,severo,False,False,True,False,estable,desfavorable,paliativo,parcial,1 mes,1
11.1,Boxer,F,esterilizado,36.9,grande,masa palpable,ninguno,False,0.9,ninguno,1,cavidad oral,6.83,irregular,firme,fija,irregulares,lento,False,False,biopsia,True,True,True,no concluyente,benigno,linfoma,intermedio,13.4,no aplica,True,False,False,False,regresiva,favorable,cirugia+quimio,,12 meses,0
4.8,Mestizo,F,entero,41.3,grande,perdida de apetito,endocrinopatia,False,8.5,antiinflamatorios,1,tejido subcutaneo,1.84,nodular,blanda,movil,infiltrativos,rapido,True,True,biopsia,True,True,False,maligno,benigno,carcinoma,no aplica,12.8,moderado,True,False,False,False,regresiva,desfavorable,quimioterapia,mala,6 meses,1
12.8,Golden Retriever,F,esterilizado,6.9,pequeno,cojera,cirugia previa,True,4.3,cirugia previa,2,bazo,0.38,lobulada,firme,movil,infiltrativos,rapido,False,False,examen clinico,True,True,False,benigno,no realizado,carcinoma,alto,,severo,False,False,False,False,regresiva,favorable,quimioterapia,,1 mes,1
11.1,Boxer,M,esterilizado,38.1,pequeno,sangrado local,obesidad,False,13.2,antiinflamatorios,1,tejido subcutaneo,6.54,nodular,blanda,movil,definidos,lento,False,False,citologia,False,True,True,no concluyente,no realizado,carcinoma,bajo,7.0,leve,False,False,False,False,regresiva,favorable,observacion,parcial,1 mes,1
6.7,Boxer,M,esterilizado,9.6,pequeno,cojera,obesidad,False,11.9,antibioticos,3,mama,2.89,lobulada,blanda,fija,infiltrativos,lento,True,True,imagen,True,False,True,maligno,,lipoma,intermedio,2.9,moderado,False,False,True,False,regresiva,favorable,paliativo,mala,1 mes,1
6.0,Golden Retriever,M,entero,15.0,pequeno,cojera,cirugia previa,False,4.7,antibioticos,3,extremidad,1.63,lobulada,firme,semi-fija,definidos,lento,False,False,imagen,True,True,False,maligno,no realizado,lipoma,no aplica,6.5,severo,False,True,False,True,progresiva,favorable,paliativo,buena,6 meses,0
10.5,Boxer,F,entero,41.1,grande,perdida de apetito,endocrinopatia,False,7.6,antiinflamatorios,1,tejido subcutaneo,2.24,lobulada,blanda,semi-fija,infiltrativos,rapido,True,False,examen clinico,True,False,False,sospechoso,maligno,lipoma,intermedio,3.2,moderado,False,False,False,False,progresiva,favorable,observacion,parcial,6 meses,1
14.8,Labrador,M,esterilizado,7.3,grande,perdida de apetito,cirugia previa,False,8.1,cirugia previa,3,tejido subcutaneo,3.48,nodular,dura,semi-fija,irregulares,lento,False,False,biopsia,True,True,False,sospechoso,no realizado,mastocitoma,intermedio,1.4,severo,True,False,False,False,estable,desfavorable,cirugia,mala,6 meses,0
13.5,Labrador,M,entero,8.4,grande,cojera,dermatitis,False,0.7,antiinflamatorios,1,mama,2.55,irregular,dura,semi-fija,infiltrativos,rapido,False,False,biopsia,False,True,False,no concluyente,no realizado,mastocitoma,intermedio,14.9,moderado,False,False,True,False,progresiva,favorable,quimioterapia,mala,1 mes,1
8.6,French Bulldog,M,entero,10.5,grande,sangrado local,ninguno,False,7.5,ninguno,1,tejido subcutaneo,6.04,nodular,dura,fija,irregulares,rapido,False,False,imagen,True,False,False,no concluyente,inflamatorio,linfoma,bajo,7.7,severo,False,False,False,False,regresiva,reservado,quimioterapia,,1 mes,0
10.8,Beagle,F,esterilizado,18.2,pequeno,chequeo general,endocrinopatia,True,12.0,cirugia previa,2,cavidad oral,5.62,difusa,blanda,semi-fija,infiltrativos,rapido,False,False,imagen,True,True,True,no concluyente,maligno,sarcoma,bajo,13.5,no aplica,False,False,True,False,progresiva,desfavorable,paliativo,sin tratamiento,3 meses,1
10.0,Labrador,M,esterilizado,12.3,pequeno,sangrado local,ninguno,False,13.0,cirugia previa,2,bazo,4.83,nodular,blanda,fija,irregulares,moderado,True,False,biopsia,True,False,False,sospechoso,,sarcoma,bajo,6.5,leve,False,True,False,False,regresiva,reservado,cirugia+quimio,buena,1 mes,1
14.7,Pastor Alemán,F,esterilizado,12.5,pequeno,chequeo general,obesidad,False,3.8,cirugia previa,2,piel,5.16,lobulada,firme,movil,infiltrativos,moderado,False,False,biopsia,True,False,False,sospechoso,inflamatorio,lipoma,,16.1,leve,False,False,False,False,estable,desfavorable,cirugia,parcial,12 meses,0
2.4,Beagle,F,entero,26.3,pequeno,chequeo general,cirugia previa,False,12.5,antibioticos,1,bazo,6.24,irregular,firme,fija,definidos,lento,False,False,citologia,True,False,False,maligno,maligno,adenoma,bajo,16.6,no aplica,False,False,False,True,progresiva,reservado,paliativo,parcial,12 meses,0
12.5,Mestizo,F,esterilizado,12.3,grande,cojera,ninguno,False,6.0,ninguno,2,cavidad oral,3.73,irregular,firme,movil,infiltrativos,rapido,False,False,examen clinico,True,True,True,maligno,inflamatorio,mastocitoma,alto,4.3,no aplica,False,False,True,False,progresiva,desfavorable,quimioterapia,parcial,12 meses,1
2.5,Pastor Alemán,M,esterilizado,39.0,pequeno,cojera,dermatitis,False,0.3,cirugia previa,2,mama,8.96,lobulada,firme,semi-fija,irregulares,rapido,False,True,examen clinico,True,True,False,no concluyente,benigno,lipoma,alto,4.7,severo,False,False,False,True,estable,reservado,paliativo,buena,3 meses,0
7.7,Labrador,F,esterilizado,22.5,pequeno,cojera,cirugia previa,False,8.6,cirugia previa,1,piel,1.71,irregular,firme,semi-fija,infiltrativos,moderado,False,False,imagen,True,True,False,maligno,,lipoma,intermedio,3.3,leve,True,False,False,False,regresiva,favorable,cirugia,,12 meses,1
7.0,Boxer,M,entero,14.0,pequeno,masa palpable,obesidad,True,3.6,antibioticos,2,bazo,1.4,irregular,blanda,movil,infiltrativos,moderado,False,False,imagen,True,False,False,no concluyente,maligno,sarcoma,intermedio,10.6,no aplica,False,False,False,False,regresiva,desfavorable,quimioterapia,parcial,12 meses,1
5.6,Labrador,M,esterilizado,15.0,grande,masa palpable,obesidad,False,6.8,ninguno,2,cavidad oral,5.49,nodular,dura,semi-fija,definidos,moderado,False,False,citologia,True,False,True,no concluyente,,carcinoma,bajo,7.6,moderado,False,False,False,False,progresiva,reservado,paliativo,parcial,12 meses,1
7.8,Beagle,F,entero,16.5,pequeno,masa palpable,endocrinopatia,True,13.6,antibioticos,1,mama,6.52,nodular,blanda,movil,definidos,lento,False,False,biopsia,False,True,True,benigno,inflamatorio,adenoma,intermedio,,no aplica,True,False,True,False,progresiva,favorable,observacion,buena,12 meses,0
12.6,Mestizo,M,esterilizado,19.3,mediano,perdida de apetito,dermatitis,False,0.8,ninguno,1,tejido subcutaneo,5.86,irregular,firme,movil,infiltrativos,lento,False,False,imagen,True,True,True,benigno,no realizado,mastocitoma,bajo,17.4,no aplica,False,True,False,False,progresiva,favorable,paliativo,parcial,1 mes,1
4.5,Mestizo,F,esterilizado,33.8,pequeno,chequeo general,cirugia previa,False,3.7,ninguno,2,bazo,4.11,lobulada,dura,fija,irregulares,lento,False,False,biopsia,False,True,False,sospechoso,,linfoma,intermedio,8.1,severo,False,False,False,False,regresiva,favorable,observacion,parcial,3 meses,1
11.2,Boxer,M,esterilizado,16.5,grande,perdida de apetito,ninguno,True,9.3,ninguno,1,mama,7.9,irregular,blanda,semi-fija,definidos,lento,True,False,imagen,True,True,False,maligno,benigno,carcinoma,,10.9,leve,True,False,False,False,estable,reservado,observacion,parcial,12 meses,1
12.0,Boxer,F,entero,42.7,grande,masa palpable,ninguno,False,7.5,antiinflamatorios,1,extremidad,6.01,irregular,dura,fija,infiltrativos,moderado,False,False,biopsia,True,False,True,benigno,maligno,mastocitoma,no aplica,9.1,moderado,False,False,False,False,regresiva,reservado,quimioterapia,mala,12 meses,1
9.3,Beagle,F,esterilizado,43.4,mediano,chequeo general,ninguno,False,13.8,ninguno,2,mama,8.94,lobulada,blanda,semi-fija,definidos,lento,False,True,biopsia,False,True,False,sospechoso,benigno,adenoma,no aplica,6.4,moderado,True,False,False,False,progresiva,favorable,paliativo,mala,3 meses,0
11.3,Mestizo,M,esterilizado,4.6,grande,chequeo general,ninguno,False,12.9,antibioticos,1,tejido subcutaneo,3.92,nodular,blanda,fija,infiltrativos,rapido,False,False,imagen,True,True,True,sospechoso,inflamatorio,linfoma,intermedio,2.8,no aplica,False,False,False,True,progresiva,reservado,cirugia+quimio,buena,3 meses,1
7.0,French Bulldog,M,entero,23.2,pequeno,chequeo general,obesidad,False,2.9,antiinflamatorios,1,piel,2.62,difusa,firme,fija,infiltrativos,lento,True,False,biopsia,True,True,False,benigno,inflamatorio,mastocitoma,alto,11.1,no aplica,False,False,False,False,regresiva,reservado,cirugia,sin tratamiento,1 mes,0
5.3,Pastor Alemán,M,esterilizado,21.9,pequeno,perdida de apetito,dermatitis,False,3.1,antibioticos,2,tejido subcutaneo,5.72,irregular,dura,fija,infiltrativos,lento,False,False,examen clinico,True,True,True,maligno,benigno,lipoma,bajo,1.2,severo,False,False,False,True,progresiva,desfavorable,cirugia+quimio,buena,12 meses,0
2.3,Golden Retriever,F,entero,4.7,grande,perdida de apetito,cirugia previa,False,10.5,ninguno,1,bazo,3.36,lobulada,blanda,fija,irregulares,lento,False,False,examen clinico,False,False,True,maligno,no realizado,sarcoma,intermedio,1.6,no aplica,False,False,False,False,progresiva,favorable,paliativo,buena,12 meses,0
3.1,Mestizo,M,entero,16.0,grande,sangrado local,dermatitis,False,12.7,antiinflamatorios,3,extremidad,8.28,lobulada,blanda,fija,infiltrativos,rapido,True,False,citologia,False,False,False,no concluyente,,carcinoma,no aplica,13.4,severo,True,False,True,True,regresiva,desfavorable,quimioterapia,buena,3 meses,1
13.7,French Bulldog,F,entero,38.8,mediano,chequeo general,dermatitis,True,3.3,cirugia previa,1,cavidad oral,8.57,irregular,dura,fija,definidos,lento,True,False,imagen,False,True,True,no concluyente,maligno,lipoma,no aplica,14.0,no aplica,False,False,False,False,regresiva,desfavorable,observacion,sin tratamiento,12 meses,1
15.8,Labrador,F,entero,11.0,mediano,chequeo general,cirugia previa,False,4.1,antiinflamatorios,2,cavidad oral,5.63,nodular,dura,fija,definidos,moderado,False,False,examen clinico,True,False,False,sospechoso,no realizado,lipoma,alto,8.1,moderado,False,False,False,False,estable,reservado,quimioterapia,buena,1 mes,1
11.9,Mestizo,M,esterilizado,26.1,pequeno,cojera,cirugia previa,False,9.3,antiinflamatorios,1,mama,1.86,nodular,firme,semi-fija,irregulares,rapido,False,False,citologia,True,True,True,maligno,benigno,lipoma,no aplica,15.4,leve,False,False,True,False,progresiva,reservado,cirugia+quimio,sin tratamiento,1 mes,1
1.7,Golden Retriever,M,esterilizado,4.5,pequeno,sangrado local,endocrinopatia,True,12.9,ninguno,1,tejido subcutaneo,8.95,irregular,dura,semi-fija,infiltrativos,rapido,False,False,citologia,False,False,True,benigno,benigno,carcinoma,alto,6.6,no aplica,False,False,False,True,progresiva,favorable,observacion,parcial,6 meses,0
11.9,Beagle,M,esterilizado,33.4,grande,perdida de apetito,obesidad,False,4.6,antibioticos,1,extremidad,5.19,difusa,firme,movil,infiltrativos,lento,False,False,examen clinico,True,True,False,sospechoso,no realizado,lipoma,bajo,6.0,moderado,True,False,False,False,progresiva,reservado,paliativo,parcial,1 mes,1
13.5,Golden Retriever,F,esterilizado,41.7,mediano,chequeo general,ninguno,False,6.8,cirugia previa,2,cavidad oral,4.32,difusa,dura,movil,infiltrativos,moderado,False,False,examen clinico,True,False,False,maligno,benigno,mastocitoma,,15.1,severo,False,False,False,False,progresiva,favorable,paliativo,sin tratamiento,6 meses,1
4.6,French Bulldog,F,entero,25.1,pequeno,masa palpable,cirugia previa,False,10.9,ninguno,2,extremidad,0.52,difusa,dura,movil,definidos,moderado,False,False,biopsia,False,True,False,sospechoso,maligno,sarcoma,bajo,8.3,leve,True,False,False,False,estable,reservado,cirugia+quimio,sin tratamiento,1 mes,1
14.4,Pastor Alemán,M,entero,15.0,grande,perdida de apetito,obesidad,False,4.0,antiinflamatorios,1,piel,0.43,nodular,blanda,fija,irregulares,rapido,False,True,biopsia,True,True,True,maligno,no realizado,adenoma,intermedio,0.5,leve,True,True,False,True,regresiva,desfavorable,cirugia+quimio,parcial,6 meses,1
14.8,Boxer,F,entero,6.9,grande,chequeo general,ninguno,False,9.6,cirugia previa,2,mama,8.54,irregular,dura,semi-fija,irregulares,moderado,True,False,biopsia,False,False,True,benigno,benigno,lipoma,bajo,6.3,no aplica,False,False,False,False,regresiva,favorable,cirugia+quimio,sin tratamiento,6 meses,0
4.6,Golden Retriever,M,esterilizado,19.1,mediano,cojera,endocrinopatia,False,13.7,antibioticos,2,bazo,2.35,nodular,dura,fija,infiltrativos,moderado,True,False,biopsia,True,False,True,no concluyente,benigno,linfoma,bajo,12.3,no aplica,False,False,True,False,estable,desfavorable,observacion,buena,3 meses,0
14.2,Pastor Alemán,F,esterilizado,33.1,mediano,masa palpable,endocrinopatia,True,13.8,cirugia previa,1,cavidad oral,0.84,nodular,blanda,fija,infiltrativos,moderado,True,False,examen clinico,True,False,True,maligno,no realizado,lipoma,,7.8,moderado,False,False,True,False,progresiva,reservado,cirugia,parcial,3 meses,1
7.6,Golden Retriever,M,entero,30.0,mediano,chequeo general,endocrinopatia,False,8.8,cirugia previa,2,tejido subcutaneo,5.1,difusa,firme,semi-fija,definidos,lento,False,True,imagen,False,True,False,no concluyente,inflamatorio,adenoma,bajo,10.2,severo,True,False,False,True,regresiva,desfavorable,quimioterapia,mala,1 mes,1
11.0,Beagle,F,entero,41.0,grande,masa palpable,obesidad,False,12.7,antibioticos,2,cavidad oral,8.66,lobulada,firme,movil,definidos,rapido,False,False,biopsia,True,True,True,benigno,inflamatorio,sarcoma,bajo,5.2,leve,True,True,False,False,regresiva,reservado,quimioterapia,parcial,1 mes,1
6.5,Golden Retriever,F,entero,23.4,grande,masa palpable,cirugia previa,False,13.5,antiinflamatorios,2,tejido subcutaneo,7.0,irregular,dura,semi-fija,infiltrativos,rapido,True,False,biopsia,True,True,False,benigno,maligno,lipoma,no aplica,8.6,no aplica,False,False,False,False,regresiva,reservado,cirugia+quimio,parcial,3 meses,1
5.7,Mestizo,M,entero,41.5,grande,perdida de apetito,obesidad,False,9.2,antibioticos,1,cavidad oral,2.62,nodular,firme,fija,infiltrativos,moderado,False,False,citologia,False,False,True,maligno,maligno,carcinoma,,12.1,leve,True,True,True,False,estable,desfavorable,quimioterapia,parcial,3 meses,1
4.3,Mestizo,M,entero,6.6,grande,cojera,obesidad,False,12.6,antiinflamatorios,1,bazo,1.9,lobulada,firme,fija,definidos,rapido,False,False,imagen,True,False,False,maligno,maligno,adenoma,alto,14.0,no aplica,False,False,False,False,estable,reservado,observacion,mala,3 meses,1
4.3,Beagle,M,esterilizado,33.0,pequeno,masa palpable,ninguno,True,10.2,cirugia previa,1,tejido subcutaneo,1.6,nodular,blanda,fija,irregulares,moderado,True,False,imagen,True,True,False,no concluyente,no realizado,lipoma,no aplica,15.2,leve,False,True,False,False,progresiva,favorable,paliativo,parcial,6 meses,0
9.0,Pastor Alemán,M,esterilizado,34.9,mediano,cojera,dermatitis,False,13.6,antiinflamatorios,1,bazo,3.69,nodular,dura,fija,irregulares,moderado,True,False,citologia,True,True,False,sospechoso,,lipoma,bajo,14.3,severo,False,False,False,False,estable,favorable,quimioterapia,sin tratamiento,6 meses,0
7.9,Beagle,M,entero,41.8,pequeno,cojera,obesidad,False,6.7,ninguno,1,bazo,5.94,nodular,blanda,fija,definidos,moderado,False,True,citologia,False,True,False,benigno,no realizado,linfoma,intermedio,1.1,moderado,False,False,False,False,progresiva,favorable,paliativo,buena,6 meses,0
2.8,Golden Retriever,F,entero,32.2,grande,cojera,obesidad,True,8.2,antiinflamatorios,1,bazo,5.63,irregular,blanda,semi-fija,definidos,lento,True,False,biopsia,True,False,False,sospechoso,,mastocitoma,alto,9.4,no aplica,True,True,False,False,regresiva,reservado,paliativo,sin tratamiento,6 meses,1
2.4,Pastor Alemán,M,esterilizado,35.4,grande,cojera,cirugia previa,True,1.8,antiinflamatorios,3,tejido subcutaneo,4.63,irregular,dura,movil,definidos,rapido,False,True,biopsia,True,False,False,benigno,benigno,sarcoma,bajo,16.6,moderado,True,True,False,True,estable,desfavorable,cirugia+quimio,parcial,12 meses,1
2.5,Beagle,F,entero,18.8,pequeno,masa palpable,obesidad,False,0.9,cirugia previa,1,mama,8.37,difusa,blanda,semi-fija,irregulares,lento,False,True,biopsia,False,True,True,benigno,inflamatorio,mastocitoma,bajo,15.3,no aplica,False,False,True,False,estable,desfavorable,paliativo,buena,3 meses,1
13.6,Pastor Alemán,M,esterilizado,33.9,pequeno,cojera,cirugia previa,False,3.3,antiinflamatorios,2,piel,3.93,nodular,blanda,semi-fija,infiltrativos,rapido,True,False,imagen,False,False,True,no concluyente,maligno,adenoma,bajo,,no aplica,False,True,False,False,estable,favorable,cirugia+quimio,parcial,3 meses,1
12.6,Boxer,F,entero,36.2,mediano,chequeo general,ninguno,False,1.2,antibioticos,2,piel,2.88,lobulada,dura,fija,infiltrativos,rapido,False,False,examen clinico,True,True,False,maligno,benigno,adenoma,no aplica,6.6,leve,False,True,False,True,regresiva,favorable,cirugia,parcial,3 meses,1
11.5,Boxer,M,esterilizado,17.8,mediano,sangrado local,obesidad,True,1.1,antibioticos,2,tejido subcutaneo,4.66,nodular,firme,fija,infiltrativos,rapido,False,False,imagen,True,False,False,benigno,maligno,lipoma,bajo,1.4,moderado,False,False,True,False,regresiva,favorable,cirugia+quimio,buena,3 meses,1
3.0,Pastor Alemán,F,esterilizado,34.0,pequeno,perdida de apetito,dermatitis,True,12.2,antiinflamatorios,2,bazo,3.22,lobulada,dura,fija,irregulares,moderado,False,False,imagen,True,False,False,maligno,maligno,carcinoma,intermedio,8.7,severo,False,True,False,False,estable,desfavorable,cirugia,parcial,3 meses,1
4.6,Labrador,F,entero,21.5,mediano,cojera,dermatitis,False,0.7,antibioticos,1,mama,3.54,irregular,dura,semi-fija,definidos,lento,False,False,citologia,False,False,True,maligno,inflamatorio,lipoma,,17.5,moderado,False,False,False,False,estable,desfavorable,cirugia+quimio,sin tratamiento,3 meses,0
6.4,Pastor Alemán,M,entero,27.5,pequeno,perdida de apetito,dermatitis,True,7.6,cirugia previa,3,bazo,8.63,difusa,blanda,semi-fija,irregulares,rapido,False,False,biopsia,True,False,True,no concluyente,inflamatorio,adenoma,alto,6.2,severo,False,False,True,False,progresiva,desfavorable,cirugia+quimio,mala,6 meses,1
13.5,Mestizo,M,entero,11.7,mediano,sangrado local,cirugia previa,True,13.4,cirugia previa,1,piel,3.86,lobulada,firme,movil,infiltrativos,moderado,False,False,citologia,True,False,True,no concluyente,benigno,carcinoma,alto,8.9,no aplica,True,False,True,False,regresiva,desfavorable,cirugia+quimio,sin tratamiento,6 meses,1
5.2,Labrador,F,esterilizado,26.8,mediano,chequeo general,ninguno,False,10.3,ninguno,1,mama,5.36,irregular,firme,semi-fija,infiltrativos,lento,False,True,biopsia,True,False,True,maligno,inflamatorio,linfoma,bajo,,moderado,False,False,True,False,progresiva,desfavorable,quimioterapia,parcial,6 meses,1
6.6,French Bulldog,F,esterilizado,41.7,pequeno,masa palpable,dermatitis,True,3.3,antiinflamatorios,2,extremidad,6.3,nodular,firme,semi-fija,definidos,lento,False,False,imagen,True,False,True,no concluyente,inflamatorio,mastocitoma,alto,0.5,leve,True,False,True,False,estable,favorable,cirugia,sin tratamiento,12 meses,0
1.6,Labrador,M,entero,22.7,mediano,masa palpable,ninguno,True,0.3,ninguno,1,extremidad,2.09,irregular,blanda,fija,irregulares,lento,True,False,biopsia,False,True,True,sospechoso,benigno,adenoma,bajo,9.5,moderado,False,True,False,True,regresiva,favorable,cirugia,mala,6 meses,0
15.7,French Bulldog,M,entero,20.1,mediano,masa palpable,obesidad,True,2.1,antibioticos,3,cavidad oral,5.15,nodular,blanda,semi-fija,irregulares,lento,False,False,biopsia,True,False,True,no concluyente,inflamatorio,lipoma,intermedio,15.4,no aplica,False,False,True,False,regresiva,favorable,cirugia+quimio,mala,1 mes,1
14.4,Golden Retriever,M,esterilizado,44.0,mediano,cojera,endocrinopatia,False,5.8,antiinflamatorios,2,bazo,4.64,lobulada,dura,semi-fija,irregulares,moderado,False,False,imagen,True,True,True,benigno,inflamatorio,lipoma,no aplica,4.2,moderado,True,False,False,False,estable,favorable,cirugia+quimio,parcial,3 meses,0
8.4,French Bulldog,M,esterilizado,30.8,mediano,sangrado local,cirugia previa,False,11.4,ninguno,1,tejido subcutaneo,7.96,nodular,firme,semi-fija,irregulares,moderado,False,True,citologia,True,False,True,sospechoso,no realizado,lipoma,,5.6,no aplica,False,True,False,False,regresiva,desfavorable,paliativo,mala,12 meses,1
6.7,Beagle,F,esterilizado,16.5,pequeno,sangrado local,ninguno,True,5.3,ninguno,3,cavidad oral,3.61,difusa,firme,semi-fija,irregulares,moderado,True,False,citologia,True,False,False,benigno,inflamatorio,adenoma,alto,3.1,severo,True,False,False,False,progresiva,reservado,observacion,mala,1 mes,0
2.5,Beagle,M,esterilizado,23.9,grande,perdida de apetito,dermatitis,False,5.2,cirugia previa,1,tejido subcutaneo,5.83,nodular,dura,movil,irregulares,moderado,True,False,imagen,False,False,False,benigno,inflamatorio,carcinoma,bajo,10.2,no aplica,False,False,True,False,regresiva,reservado,cirugia+quimio,parcial,3 meses,0
14.2,Beagle,M,esterilizado,11.9,grande,chequeo general,cirugia previa,False,7.6,cirugia previa,2,bazo,5.75,irregular,firme,semi-fija,definidos,lento,True,False,biopsia,False,True,False,benigno,maligno,lipoma,alto,14.8,moderado,True,False,False,True,estable,favorable,cirugia,parcial,12 meses,1
5.1,Labrador,F,esterilizado,30.7,pequeno,masa palpable,obesidad,False,1.0,ninguno,1,extremidad,2.89,nodular,firme,semi-fija,infiltrativos,rapido,False,False,citologia,True,False,False,benigno,inflamatorio,lipoma,bajo,4.3,leve,False,False,False,False,regresiva,desfavorable,cirugia,mala,3 meses,0
9.8,French Bulldog,F,entero,16.3,mediano,chequeo general,dermatitis,False,12.3,antiinflamatorios,1,tejido subcutaneo,6.53,lobulada,blanda,fija,infiltrativos,lento,False,False,examen clinico,True,False,True,no concluyente,inflamatorio,sarcoma,alto,16.3,leve,False,False,False,True,progresiva,reservado,quimioterapia,sin tratamiento,3 meses,1
13.2,Beagle,F,entero,14.5,pequeno,chequeo general,obesidad,False,13.0,antibioticos,3,tejido subcutaneo,7.93,nodular,blanda,fija,irregulares,rapido,True,False,biopsia,True,True,True,sospechoso,no realizado,sarcoma,intermedio,0.1,moderado,False,False,True,True,regresiva,desfavorable,cirugia,mala,6 meses,1
5.9,Pastor Alemán,M,entero,20.4,pequeno,chequeo general,obesidad,False,12.4,antiinflamatorios,1,piel,8.33,irregular,blanda,semi-fija,definidos,moderado,False,True,imagen,True,False,True,maligno,maligno,linfoma,bajo,0.3,no aplica,False,False,False,False,estable,desfavorable,cirugia,buena,6 meses,1
15.9,Pastor Alemán,M,esterilizado,10.6,pequeno,masa palpable,cirugia previa,False,3.4,cirugia previa,1,cavidad oral,5.37,difusa,blanda,movil,irregulares,lento,False,False,imagen,True,False,False,maligno,benigno,adenoma,bajo,0.9,moderado,False,False,False,False,regresiva,desfavorable,observacion,sin tratamiento,6 meses,1
14.4,Labrador,M,esterilizado,10.1,mediano,perdida de apetito,obesidad,True,4.6,cirugia previa,1,cavidad oral,1.32,nodular,blanda,semi-fija,irregulares,rapido,False,False,biopsia,True,False,True,maligno,,mastocitoma,alto,13.3,no aplica,False,True,False,False,progresiva,favorable,cirugia,buena,1 mes,1
15.9,French Bulldog,M,esterilizado,18.0,grande,sangrado local,obesidad,False,1.8,antiinflamatorios,1,cavidad oral,1.11,lobulada,blanda,movil,infiltrativos,rapido,False,False,citologia,True,False,False,sospechoso,no realizado,adenoma,intermedio,13.8,leve,False,True,False,False,progresiva,reservado,paliativo,sin tratamiento,6 meses,1
15.3,Mestizo,M,esterilizado,43.7,grande,sangrado local,obesidad,True,10.3,antiinflamatorios,1,piel,7.27,lobulada,firme,movil,infiltrativos,lento,False,False,examen clinico,True,True,False,no concluyente,benigno,adenoma,intermedio,2.9,no aplica,False,False,False,True,progresiva,reservado,quimioterapia,buena,6 meses,0
8.1,Mestizo,F,entero,34.8,mediano,sangrado local,dermatitis,False,6.1,ninguno,2,cavidad oral,8.77,irregular,dura,fija,infiltrativos,lento,False,False,examen clinico,True,True,False,no concluyente,inflamatorio,mastocitoma,intermedio,12.3,severo,False,False,False,True,estable,favorable,paliativo,sin tratamiento,12 meses,1
9.8,Boxer,M,entero,34.1,mediano,cojera,dermatitis,False,0.8,cirugia previa,3,cavidad oral,3.03,difusa,dura,semi-fija,infiltrativos,moderado,False,False,citologia,True,True,False,maligno,benigno,lipoma,bajo,0.1,leve,True,False,False,False,regresiva,desfavorable,paliativo,mala,6 meses,1
6.9,Pastor Alemán,M,entero,8.7,pequeno,masa palpable,ninguno,False,2.8,ninguno,1,tejido subcutaneo,5.94,irregular,firme,fija,infiltrativos,lento,True,False,citologia,True,True,True,sospechoso,no realizado,lipoma,no aplica,0.4,no aplica,False,False,False,False,estable,reservado,observacion,sin tratamiento,12 meses,0
5.4,French Bulldog,F,esterilizado,24.6,grande,sangrado local,obesidad,True,1.0,ninguno,2,extremidad,3.05,nodular,firme,fija,irregulares,moderado,True,False,biopsia,True,True,True,sospechoso,no realizado,carcinoma,no aplica,4.2,moderado,False,False,False,False,regresiva,desfavorable,cirugia+quimio,buena,6 meses,0
6.4,French Bulldog,M,entero,14.9,grande,masa palpable,obesidad,True,3.0,cirugia previa,1,tejido subcutaneo,8.5,difusa,firme,movil,definidos,rapido,True,True,biopsia,True,True,False,benigno,benigno,carcinoma,no aplica,2.1,moderado,True,False,False,False,progresiva,favorable,paliativo,,3 meses,0
15.2,Boxer,F,entero,43.9,grande,sangrado local,ninguno,False,0.8,ninguno,1,bazo,1.33,irregular,firme,movil,infiltrativos,moderado,False,False,imagen,False,True,False,maligno,maligno,adenoma,intermedio,7.9,no aplica,False,True,False,False,progresiva,desfavorable,cirugia,sin tratamiento,6 meses,1
12.3,French Bulldog,M,entero,36.7,mediano,chequeo general,obesidad,False,7.3,antibioticos,1,tejido subcutaneo,1.57,nodular,dura,fija,definidos,lento,False,False,citologia,True,True,True,sospechoso,benigno,sarcoma,alto,7.5,severo,False,False,False,False,regresiva,desfavorable,cirugia,mala,12 meses,0
6.2,Boxer,F,entero,40.0,pequeno,masa palpable,endocrinopatia,True,10.2,antiinflamatorios,2,extremidad,2.77,nodular,dura,fija,irregulares,rapido,False,False,examen clinico,True,False,False,sospechoso,,sarcoma,no aplica,17.8,leve,False,False,False,False,estable,favorable,observacion,mala,6 meses,1
9.7,Beagle,M,esterilizado,15.6,grande,sangrado local,dermatitis,False,7.4,antiinflamatorios,1,cavidad oral,4.79,irregular,firme,semi-fija,definidos,lento,False,False,examen clinico,True,True,True,sospechoso,no realizado,adenoma,alto,12.2,no aplica,False,False,False,False,progresiva,desfavorable,cirugia+quimio,mala,12 meses,0
7.9,Beagle,M,entero,22.1,pequeno,cojera,endocrinopatia,False,13.3,cirugia previa,1,piel,3.52,lobulada,blanda,fija,definidos,lento,False,False,biopsia,True,True,True,no concluyente,benigno,carcinoma,alto,3.9,no aplica,True,False,True,True,progresiva,desfavorable,quimioterapia,mala,6 meses,0
8.6,French Bulldog,F,esterilizado,9.3,grande,perdida de apetito,ninguno,False,9.4,cirugia previa,2,mama,8.13,lobulada,dura,movil,infiltrativos,moderado,False,False,citologia,False,False,False,maligno,benigno,sarcoma,bajo,3.5,leve,False,False,False,False,estable,favorable,paliativo,buena,1 mes,1
2.3,Mestizo,F,esterilizado,27.7,mediano,masa palpable,cirugia previa,False,5.9,antibioticos,2,cavidad oral,1.09,nodular,dura,movil,irregulares,lento,True,False,citologia,True,True,True,maligno,maligno,adenoma,bajo,5.4,leve,False,False,False,False,estable,favorable,cirugia,,3 meses,0
8.0,French Bulldog,M,esterilizado,4.2,grande,cojera,ninguno,True,13.5,ninguno,1,extremidad,5.97,irregular,firme,fija,irregulares,moderado,True,False,citologia,False,True,False,sospechoso,maligno,linfoma,no aplica,17.3,no aplica,True,False,False,False,regresiva,favorable,observacion,sin tratamiento,12 meses,1
4.2,Boxer,F,entero,9.8,grande,sangrado local,ninguno,True,5.7,ninguno,1,bazo,5.14,lobulada,firme,movil,infiltrativos,rapido,False,False,biopsia,True,False,False,maligno,maligno,sarcoma,alto,6.1,no aplica,False,False,False,True,estable,desfavorable,cirugia+quimio,sin tratamiento,1 mes,1
9.1,Boxer,M,entero,40.5,grande,chequeo general,ninguno,False,11.4,antibioticos,2,mama,7.6,nodular,blanda,semi-fija,irregulares,lento,False,False,examen clinico,False,False,False,sospechoso,benigno,linfoma,alto,14.6,moderado,True,False,False,False,regresiva,desfavorable,paliativo,buena,1 mes,1
8.4,Mestizo,M,entero,5.7,pequeno,masa palpable,dermatitis,True,8.1,antiinflamatorios,2,bazo,7.11,irregular,dura,movil,infiltrativos,rapido,False,False,imagen,True,True,False,benigno,inflamatorio,lipoma,no aplica,4.9,no aplica,False,False,True,False,estable,reservado,cirugia+quimio,,6 meses,1
12.1,Beagle,F,entero,41.5,pequeno,cojera,cirugia previa,True,8.8,ninguno,1,tejido subcutaneo,4.06,nodular,dura,fija,irregulares,moderado,True,False,biopsia,False,False,False,sospechoso,benigno,linfoma,no aplica,13.8,no aplica,False,True,True,True,progresiva,desfavorable,observacion,,1 mes,1
11.2,Mestizo,M,esterilizado,38.7,mediano,masa palpable,endocrinopatia,False,3.4,ninguno,2,tejido subcutaneo,4.34,difusa,dura,fija,definidos,moderado,False,False,examen clinico,True,True,True,benigno,benigno,linfoma,,10.7,moderado,False,True,False,False,progresiva,desfavorable,paliativo,mala,3 meses,1
15.4,Boxer,F,esterilizado,27.5,grande,cojera,dermatitis,False,8.5,antibioticos,1,piel,4.8,irregular,blanda,movil,infiltrativos,rapido,False,False,citologia,False,False,True,benigno,inflamatorio,mastocitoma,no aplica,12.5,no aplica,False,False,False,False,regresiva,reservado,cirugia+quimio,parcial,3 meses,1
10.6,Beagle,M,esterilizado,29.2,pequeno,chequeo general,cirugia previa,False,5.4,cirugia previa,1,piel,3.46,nodular,firme,movil,infiltrativos,lento,True,False,biopsia,True,True,True,sospechoso,maligno,carcinoma,intermedio,6.1,moderado,True,True,False,False,estable,desfavorable,cirugia,mala,1 mes,1
3.6,Mestizo,F,entero,8.0,pequeno,cojera,dermatitis,False,9.8,antibioticos,2,tejido subcutaneo,8.8,irregular,blanda,fija,infiltrativos,lento,False,False,citologia,True,True,False,sospechoso,no realizado,mastocitoma,bajo,14.1,leve,True,False,False,False,progresiva,reservado,paliativo,mala,3 meses,1
5.0,French Bulldog,M,entero,12.2,pequeno,chequeo general,dermatitis,False,4.4,cirugia previa,2,mama,8.44,lobulada,firme,fija,definidos,lento,False,False,biopsia,True,True,False,maligno,no realizado,lipoma,no aplica,7.8,severo,False,False,False,True,estable,reservado,observacion,parcial,1 mes,0
4.4,Labrador,M,esterilizado,4.6,pequeno,perdida de apetito,dermatitis,False,3.7,antibioticos,1,bazo,5.56,irregular,dura,fija,infiltrativos,moderado,True,False,biopsia,False,True,True,benigno,no realizado,sarcoma,intermedio,15.6,moderado,True,False,False,False,regresiva,reservado,cirugia+quimio,parcial,1 mes,1
7.7,Mestizo,M,esterilizado,8.8,pequeno,perdida de apetito,ninguno,False,9.3,antibioticos,1,mama,3.95,difusa,dura,fija,irregulares,moderado,False,False,examen clinico,False,True,False,maligno,no realizado,lipoma,,17.1,leve,False,False,True,False,progresiva,desfavorable,quimioterapia,sin tratamiento,3 meses,1
3.8,Labrador,F,esterilizado,11.6,mediano,sangrado local,ninguno,False,5.3,ninguno,1,cavidad oral,7.78,difusa,firme,movil,definidos,lento,False,False,examen clinico,True,False,True,sospechoso,inflamatorio,lipoma,no aplica,2.9,severo,False,False,False,False,estable,favorable,cirugia+quimio,sin tratamiento,12 meses,0
7.9,Labrador,M,esterilizado,30.1,mediano,perdida de apetito,cirugia previa,False,11.6,antiinflamatorios,2,mama,1.86,difusa,firme,semi-fija,infiltrativos,lento,False,True,examen clinico,True,False,True,maligno,benigno,sarcoma,,,no aplica,False,False,False,True,estable,desfavorable,quimioterapia,mala,12 meses,1
11.1,French Bulldog,F,esterilizado,34.3,pequeno,chequeo general,ninguno,True,1.8,antiinflamatorios,1,bazo,6.81,difusa,firme,movil,definidos,rapido,False,False,imagen,True,False,False,sospechoso,benigno,linfoma,bajo,3.2,leve,False,False,True,False,regresiva,reservado,cirugia,mala,6 meses,1
1.7,Beagle,M,esterilizado,32.0,mediano,masa palpable,endocrinopatia,True,10.9,antiinflamatorios,1,cavidad oral,8.21,irregular,blanda,movil,irregulares,lento,False,False,citologia,True,True,False,benigno,maligno,sarcoma,intermedio,0.8,leve,False,False,False,False,regresiva,reservado,cirugia+quimio,sin tratamiento,3 meses,1
6.8,French Bulldog,M,entero,30.6,mediano,sangrado local,cirugia previa,True,12.4,cirugia previa,1,extremidad,4.65,nodular,dura,fija,infiltrativos,lento,True,True,biopsia,False,False,False,sospechoso,inflamatorio,mastocitoma,alto,17.6,no aplica,True,True,False,False,regresiva,desfavorable,cirugia,sin tratamiento,3 meses,1
4.7,Labrador,M,entero,18.7,mediano,cojera,dermatitis,False,9.1,antiinflamatorios,3,extremidad,8.9,difusa,dura,semi-fija,definidos,moderado,False,False,examen clinico,True,False,False,maligno,benigno,mastocitoma,,6.2,moderado,False,False,False,False,regresiva,desfavorable,cirugia,mala,6 meses,1
1.8,Golden Retriever,M,entero,6.9,grande,sangrado local,dermatitis,True,1.3,cirugia previa,1,mama,6.58,irregular,firme,movil,infiltrativos,lento,False,False,citologia,True,False,True,maligno,no realizado,lipoma,intermedio,8.5,no aplica,False,False,False,False,progresiva,favorable,cirugia+quimio,mala,1 mes,0
4.9,French Bulldog,F,esterilizado,14.9,grande,sangrado local,obesidad,True,2.1,cirugia previa,1,mama,8.27,nodular,blanda,fija,infiltrativos,rapido,False,False,imagen,False,False,True,no concluyente,inflamatorio,sarcoma,bajo,7.4,leve,False,True,False,True,progresiva,reservado,quimioterapia,mala,6 meses,1
1.5,Boxer,F,entero,32.3,grande,cojera,cirugia previa,False,13.2,antiinflamatorios,1,mama,5.54,irregular,blanda,movil,definidos,rapido,False,False,examen clinico,True,True,True,no concluyente,inflamatorio,sarcoma,alto,9.0,no aplica,False,False,False,False,estable,favorable,paliativo,,3 meses,1
3.5,French Bulldog,M,entero,5.9,grande,chequeo general,endocrinopatia,False,4.2,cirugia previa,1,mama,3.56,irregular,blanda,semi-fija,definidos,rapido,False,False,citologia,True,True,True,sospechoso,inflamatorio,lipoma,no aplica,,leve,False,True,False,False,progresiva,favorable,quimioterapia,sin tratamiento,3 meses,1
1.1,Mestizo,M,entero,11.9,pequeno,chequeo general,endocrinopatia,False,13.5,antibioticos,2,tejido subcutaneo,6.89,difusa,firme,semi-fija,infiltrativos,moderado,False,False,biopsia,True,True,True,maligno,inflamatorio,adenoma,bajo,8.2,no aplica,False,False,True,False,regresiva,reservado,cirugia,parcial,12 meses,0
15.8,Boxer,F,entero,29.6,pequeno,perdida de apetito,obesidad,True,6.9,ninguno,1,tejido subcutaneo,8.47,difusa,dura,fija,definidos,rapido,False,False,citologia,False,False,False,benigno,maligno,lipoma,,5.4,no aplica,True,False,True,False,estable,favorable,cirugia,buena,1 mes,1
6.8,Pastor Alemán,M,esterilizado,31.0,grande,masa palpable,dermatitis,False,8.9,cirugia previa,1,bazo,3.2,irregular,dura,fija,definidos,rapido,False,False,imagen,True,False,False,no concluyente,maligno,mastocitoma,,,leve,True,False,False,True,estable,desfavorable,quimioterapia,buena,6 meses,0
13.7,French Bulldog,F,esterilizado,36.5,pequeno,sangrado local,endocrinopatia,False,1.7,ninguno,2,tejido subcutaneo,3.05,lobulada,blanda,semi-fija,infiltrativos,moderado,True,False,examen clinico,True,True,False,benigno,inflamatorio,sarcoma,no aplica,11.4,moderado,False,False,False,False,progresiva,favorable,cirugia,buena,1 mes,0
13.2,Boxer,M,entero,26.0,mediano,chequeo general,obesidad,False,10.7,cirugia previa,1,extremidad,6.62,lobulada,dura,movil,infiltrativos,rapido,False,True,examen clinico,False,False,True,sospechoso,maligno,lipoma,no aplica,5.2,moderado,True,False,True,False,progresiva,desfavorable,paliativo,,3 meses,1
6.3,French Bulldog,M,entero,7.9,grande,perdida de apetito,endocrinopatia,False,2.3,cirugia previa,1,piel,1.33,difusa,firme,semi-fija,infiltrativos,rapido,False,False,imagen,False,False,False,benigno,no realizado,sarcoma,no aplica,5.0,no aplica,False,True,True,False,regresiva,desfavorable,cirugia,sin tratamiento,12 meses,1
10.7,French Bulldog,F,entero,7.2,pequeno,sangrado local,dermatitis,False,9.9,cirugia previa,2,extremidad,7.12,difusa,blanda,fija,infiltrativos,rapido,False,False,examen clinico,False,True,False,benigno,maligno,linfoma,intermedio,0.1,no aplica,False,True,True,True,estable,favorable,paliativo,parcial,1 mes,1
15.7,Beagle,M,entero,15.6,grande,perdida de apetito,endocrinopatia,False,8.2,antibioticos,2,cavidad oral,5.57,irregular,dura,movil,infiltrativos,lento,True,True,biopsia,False,True,True,sospechoso,inflamatorio,carcinoma,intermedio,13.1,no aplica,True,False,False,False,progresiva,reservado,observacion,parcial,12 meses,1
10.5,Beagle,M,esterilizado,26.7,grande,sangrado local,endocrinopatia,True,11.5,antibioticos,2,tejido subcutaneo,0.53,irregular,blanda,semi-fija,definidos,rapido,True,False,examen clinico,True,True,False,maligno,maligno,mastocitoma,alto,0.2,no aplica,False,False,False,False,estable,favorable,paliativo,parcial,12 meses,1
2.5,Labrador,M,esterilizado,42.8,mediano,cojera,cirugia previa,False,9.6,cirugia previa,2,extremidad,1.41,nodular,dura,fija,infiltrativos,lento,False,True,biopsia,True,False,False,sospechoso,no realizado,sarcoma,no aplica,3.3,severo,False,False,False,False,regresiva,favorable,quimioterapia,sin tratamiento,6 meses,1
15.2,Golden Retriever,M,entero,34.2,grande,chequeo general,ninguno,False,6.1,antiinflamatorios,2,tejido subcutaneo,4.78,nodular,firme,movil,infiltrativos,lento,False,False,imagen,False,False,True,benigno,no realizado,mastocitoma,intermedio,3.1,severo,False,False,False,False,progresiva,favorable,quimioterapia,sin tratamiento,6 meses,0
5.5,Pastor Alemán,F,entero,3.1,grande,sangrado local,obesidad,True,4.4,ninguno,2,extremidad,7.68,nodular,firme,movil,infiltrativos,moderado,False,False,examen clinico,True,False,True,benigno,benigno,lipoma,no aplica,3.6,moderado,False,False,True,False,progresiva,favorable,cirugia+quimio,mala,6 meses,0
7.6,Boxer,F,entero,8.9,grande,chequeo general,ninguno,False,12.2,antiinflamatorios,1,mama,2.78,irregular,firme,semi-fija,infiltrativos,moderado,False,True,citologia,False,False,False,benigno,no realizado,lipoma,no aplica,,moderado,False,False,False,False,regresiva,reservado,cirugia,sin tratamiento,1 mes,0
1.8,Boxer,F,esterilizado,44.0,grande,masa palpable,obesidad,False,4.1,ninguno,2,mama,5.67,irregular,blanda,semi-fija,definidos,moderado,False,False,imagen,True,False,False,sospechoso,maligno,linfoma,intermedio,4.1,moderado,False,False,True,True,estable,desfavorable,cirugia,sin tratamiento,1 mes,0
7.4,Labrador,F,entero,15.8,mediano,perdida de apetito,cirugia previa,False,10.0,antiinflamatorios,1,piel,1.88,nodular,blanda,fija,infiltrativos,moderado,True,False,examen clinico,True,True,True,maligno,inflamatorio,adenoma,bajo,12.0,moderado,False,False,False,False,regresiva,desfavorable,quimioterapia,buena,6 meses,1
2.8,Mestizo,M,entero,32.6,pequeno,masa palpable,endocrinopatia,False,4.4,cirugia previa,1,extremidad,6.57,nodular,blanda,movil,irregulares,rapido,False,False,biopsia,False,True,False,no concluyente,benigno,lipoma,no aplica,9.4,leve,True,False,False,False,regresiva,favorable,cirugia,mala,12 meses,1
6.8,Boxer,F,esterilizado,28.5,pequeno,cojera,ninguno,True,3.2,ninguno,2,tejido subcutaneo,4.68,lobulada,firme,movil,irregulares,rapido,True,True,citologia,True,True,True,sospechoso,inflamatorio,mastocitoma,alto,15.7,leve,False,False,False,False,estable,desfavorable,quimioterapia,parcial,6 meses,1
10.2,Pastor Alemán,M,entero,37.6,pequeno,perdida de apetito,dermatitis,True,0.4,ninguno,3,bazo,6.29,lobulada,dura,fija,infiltrativos,rapido,True,False,biopsia,True,False,False,no concluyente,,lipoma,intermedio,13.1,no aplica,False,False,True,True,estable,favorable,cirugia,mala,3 meses,1
10.1,Labrador,M,entero,20.9,mediano,chequeo general,ninguno,False,2.1,ninguno,2,piel,3.59,nodular,blanda,movil,infiltrativos,lento,True,False,biopsia,True,False,True,benigno,benigno,linfoma,alto,15.3,leve,True,False,False,False,estable,reservado,quimioterapia,,3 meses,1
1.7,Mestizo,F,entero,24.5,mediano,cojera,ninguno,False,0.5,cirugia previa,2,mama,3.37,lobulada,blanda,fija,irregulares,rapido,False,False,examen clinico,True,False,True,maligno,inflamatorio,adenoma,alto,2.1,leve,False,False,True,False,regresiva,favorable,cirugia+quimio,buena,6 meses,0
6.5,Pastor Alemán,M,entero,39.2,pequeno,cojera,cirugia previa,True,6.4,cirugia previa,1,piel,5.33,lobulada,blanda,movil,irregulares,lento,True,False,biopsia,True,True,False,maligno,,sarcoma,intermedio,,no aplica,False,False,False,False,estable,desfavorable,cirugia+quimio,buena,1 mes,1
15.4,Labrador,M,esterilizado,18.2,pequeno,perdida de apetito,obesidad,True,12.0,cirugia previa,1,mama,7.5,nodular,dura,movil,definidos,rapido,False,False,examen clinico,True,True,True,benigno,benigno,lipoma,intermedio,0.5,severo,True,False,True,False,progresiva,favorable,cirugia,mala,3 meses,0
12.7,Beagle,M,esterilizado,7.7,pequeno,masa palpable,endocrinopatia,False,7.1,ninguno,2,tejido subcutaneo,6.22,difusa,dura,fija,irregulares,rapido,False,False,imagen,False,True,True,no concluyente,maligno,sarcoma,intermedio,,leve,True,False,False,False,estable,desfavorable,cirugia+quimio,mala,6 meses,1
7.4,Pastor Alemán,M,entero,6.3,grande,perdida de apetito,ninguno,True,2.4,ninguno,1,mama,5.49,lobulada,blanda,fija,definidos,rapido,False,False,examen clinico,False,False,False,no concluyente,benigno,adenoma,alto,1.7,severo,True,False,False,False,estable,reservado,cirugia+quimio,parcial,3 meses,0
13.1,Golden Retriever,M,esterilizado,23.0,pequeno,perdida de apetito,dermatitis,True,6.6,ninguno,3,mama,7.99,irregular,dura,movil,infiltrativos,rapido,False,False,biopsia,True,True,True,no concluyente,benigno,sarcoma,no aplica,4.3,leve,False,False,False,True,estable,favorable,quimioterapia,sin tratamiento,12 meses,1
6.4,Labrador,M,entero,32.8,mediano,perdida de apetito,obesidad,False,10.7,cirugia previa,3,mama,8.48,difusa,blanda,semi-fija,irregulares,moderado,False,False,citologia,True,True,False,maligno,inflamatorio,adenoma,no aplica,9.1,severo,False,False,True,False,estable,desfavorable,cirugia,sin tratamiento,3 meses,0
6.8,French Bulldog,M,esterilizado,22.6,grande,sangrado local,obesidad,True,2.7,ninguno,2,tejido subcutaneo,2.04,lobulada,blanda,semi-fija,irregulares,rapido,False,False,imagen,True,True,False,no concluyente,maligno,sarcoma,intermedio,5.8,leve,False,False,True,False,progresiva,reservado,cirugia,sin tratamiento,3 meses,0
2.3,Labrador,F,esterilizado,6.4,grande,chequeo general,obesidad,False,9.4,antibioticos,1,piel,1.1,difusa,firme,semi-fija,definidos,lento,False,False,imagen,True,False,False,no concluyente,inflamatorio,sarcoma,no aplica,14.8,moderado,True,False,False,False,regresiva,desfavorable,quimioterapia,sin tratamiento,3 meses,0
11.1,Pastor Alemán,M,esterilizado,42.6,pequeno,chequeo general,endocrinopatia,True,3.2,antiinflamatorios,2,bazo,5.05,irregular,dura,semi-fija,definidos,moderado,True,True,examen clinico,True,True,True,maligno,benigno,sarcoma,no aplica,11.7,no aplica,False,False,False,False,progresiva,favorable,cirugia,mala,12 meses,1
10.9,Beagle,F,esterilizado,32.5,pequeno,masa palpable,ninguno,True,0.4,cirugia previa,1,tejido subcutaneo,6.82,nodular,dura,semi-fija,infiltrativos,rapido,False,False,imagen,True,False,False,benigno,maligno,lipoma,bajo,6.3,no aplica,False,False,False,False,estable,reservado,cirugia,parcial,6 meses,0
4.6,French Bulldog,M,entero,4.1,mediano,sangrado local,endocrinopatia,True,2.6,cirugia previa,1,extremidad,8.77,irregular,dura,fija,irregulares,lento,False,False,citologia,False,True,False,no concluyente,inflamatorio,linfoma,intermedio,7.9,leve,False,True,True,False,progresiva,desfavorable,quimioterapia,buena,6 meses,1
1.4,Beagle,M,esterilizado,4.1,grande,cojera,obesidad,False,10.9,antiinflamatorios,1,bazo,8.11,lobulada,blanda,fija,definidos,rapido,False,False,biopsia,True,True,False,benigno,,adenoma,no aplica,16.7,leve,True,False,False,True,progresiva,reservado,cirugia,mala,1 mes,0
11.3,French Bulldog,F,esterilizado,37.0,pequeno,perdida de apetito,ninguno,False,9.3,ninguno,1,cavidad oral,8.95,difusa,dura,fija,infiltrativos,lento,True,False,examen clinico,True,True,True,sospechoso,maligno,carcinoma,bajo,16.2,leve,False,False,False,False,progresiva,reservado,cirugia+quimio,buena,1 mes,1
8.7,French Bulldog,M,esterilizado,10.3,grande,perdida de apetito,obesidad,True,11.1,antibioticos,1,mama,8.6,difusa,firme,semi-fija,irregulares,rapido,False,False,examen clinico,True,True,False,maligno,benigno,lipoma,intermedio,16.0,severo,False,False,False,False,regresiva,reservado,cirugia+quimio,sin tratamiento,1 mes,1
10.9,Pastor Alemán,M,esterilizado,8.1,mediano,masa palpable,cirugia previa,True,8.0,antibioticos,1,extremidad,0.88,lobulada,dura,movil,infiltrativos,lento,True,False,examen clinico,True,False,False,no concluyente,inflamatorio,carcinoma,intermedio,3.5,no aplica,False,False,False,True,estable,desfavorable,quimioterapia,mala,3 meses,0
14.7,Pastor Alemán,M,esterilizado,4.6,grande,sangrado local,ninguno,True,0.4,cirugia previa,1,tejido subcutaneo,6.59,lobulada,firme,semi-fija,irregulares,lento,False,False,examen clinico,True,False,True,benigno,inflamatorio,linfoma,bajo,0.5,leve,False,True,False,False,regresiva,reservado,cirugia,buena,1 mes,1
15.0,Boxer,M,esterilizado,40.1,pequeno,masa palpable,ninguno,False,1.2,antibioticos,3,extremidad,7.19,difusa,firme,fija,definidos,lento,False,True,biopsia,False,False,False,no concluyente,no realizado,sarcoma,bajo,9.4,moderado,False,False,False,False,regresiva,reservado,cirugia,sin tratamiento,6 meses,1
10.7,Boxer,M,entero,6.2,mediano,masa palpable,dermatitis,True,3.2,cirugia previa,1,tejido subcutaneo,1.21,irregular,dura,fija,infiltrativos,moderado,False,False,imagen,True,False,True,sospechoso,maligno,carcinoma,no aplica,17.6,moderado,False,False,False,True,progresiva,desfavorable,observacion,buena,12 meses,1
1.4,Beagle,F,esterilizado,14.2,grande,masa palpable,cirugia previa,False,2.3,cirugia previa,2,cavidad oral,0.76,lobulada,firme,movil,definidos,rapido,False,False,citologia,True,True,False,no concluyente,no realizado,adenoma,bajo,11.6,leve,True,True,True,False,estable,desfavorable,observacion,parcial,3 meses,0
13.4,Beagle,F,esterilizado,11.6,pequeno,perdida de apetito,cirugia previa,False,4.2,ninguno,1,mama,4.68,difusa,dura,semi-fija,infiltrativos,lento,True,False,citologia,True,False,True,benigno,no realizado,lipoma,,,severo,False,True,False,True,progresiva,reservado,paliativo,sin tratamiento,12 meses,0
5.4,Golden Retriever,M,entero,35.6,pequeno,perdida de apetito,cirugia previa,False,10.3,antibioticos,3,tejido subcutaneo,2.51,difusa,blanda,semi-fija,irregulares,rapido,False,False,imagen,True,False,False,benigno,maligno,lipoma,intermedio,11.9,moderado,False,True,False,False,progresiva,reservado,cirugia,sin tratamiento,3 meses,0
9.2,French Bulldog,M,esterilizado,41.2,mediano,perdida de apetito,obesidad,False,13.2,antibioticos,1,mama,0.66,lobulada,dura,movil,irregulares,moderado,False,False,biopsia,True,False,True,sospechoso,no realizado,sarcoma,,9.4,severo,False,False,False,False,progresiva,favorable,cirugia+quimio,sin tratamiento,3 meses,1
10.9,Labrador,M,esterilizado,8.8,mediano,sangrado local,endocrinopatia,True,1.4,antibioticos,1,bazo,2.01,nodular,firme,movil,definidos,moderado,False,False,imagen,True,False,True,maligno,inflamatorio,linfoma,alto,3.1,no aplica,False,False,False,False,estable,reservado,cirugia,mala,3 meses,1
6.6,Boxer,F,entero,8.8,mediano,perdida de apetito,endocrinopatia,False,10.0,cirugia previa,1,tejido subcutaneo,4.36,difusa,firme,movil,infiltrativos,lento,False,False,citologia,True,True,True,maligno,maligno,linfoma,alto,1.0,no aplica,True,False,False,False,regresiva,reservado,observacion,sin tratamiento,1 mes,1
9.5,Beagle,F,entero,8.1,grande,sangrado local,ninguno,False,7.3,cirugia previa,1,mama,8.09,irregular,firme,fija,irregulares,rapido,False,True,imagen,True,True,True,sospechoso,benigno,linfoma,bajo,4.4,leve,False,False,False,True,estable,reservado,cirugia+quimio,mala,3 meses,1
13.9,Mestizo,M,esterilizado,9.1,pequeno,cojera,dermatitis,False,9.3,antiinflamatorios,2,bazo,6.39,irregular,firme,semi-fija,irregulares,moderado,False,False,imagen,True,True,True,benigno,no realizado,lipoma,no aplica,2.7,severo,False,False,True,False,regresiva,desfavorable,paliativo,mala,1 mes,0
1.1,Golden Retriever,F,entero,17.7,grande,sangrado local,obesidad,False,2.6,antiinflamatorios,1,bazo,6.56,lobulada,firme,fija,definidos,moderado,False,False,imagen,True,False,True,no concluyente,maligno,linfoma,alto,2.3,severo,False,False,False,False,estable,favorable,observacion,buena,3 meses,1
15.7,Boxer,M,entero,40.8,pequeno,chequeo general,obesidad,False,1.1,antibioticos,1,piel,7.67,nodular,firme,semi-fija,infiltrativos,rapido,False,False,biopsia,True,True,True,sospechoso,maligno,carcinoma,no aplica,7.9,severo,True,False,False,False,estable,favorable,paliativo,sin tratamiento,1 mes,1
9.2,Labrador,F,entero,31.7,grande,sangrado local,obesidad,True,3.1,cirugia previa,2,cavidad oral,3.4,irregular,blanda,semi-fija,irregulares,rapido,False,True,examen clinico,True,True,True,no concluyente,,adenoma,alto,0.4,severo,False,False,False,True,estable,reservado,observacion,buena,6 meses,1
14.8,Pastor Alemán,M,entero,17.2,mediano,cojera,cirugia previa,False,1.0,antiinflamatorios,2,bazo,3.17,nodular,blanda,semi-fija,definidos,rapido,False,False,examen clinico,True,True,True,benigno,no realizado,mastocitoma,alto,13.0,leve,True,False,False,False,progresiva,favorable,observacion,sin tratamiento,1 mes,0
12.1,Mestizo,F,entero,19.3,mediano,cojera,obesidad,False,7.8,ninguno,2,piel,8.11,lobulada,firme,movil,irregulares,moderado,False,False,examen clinico,True,True,False,benigno,benigno,sarcoma,intermedio,14.6,leve,True,False,False,False,regresiva,desfavorable,cirugia,parcial,3 meses,1
9.2,French Bulldog,F,entero,21.6,mediano,perdida de apetito,endocrinopatia,True,9.2,antibioticos,1,bazo,5.01,nodular,blanda,semi-fija,irregulares,rapido,False,False,examen clinico,True,True,False,sospechoso,inflamatorio,sarcoma,intermedio,2.2,moderado,True,False,False,False,estable,favorable,cirugia+quimio,sin tratamiento,6 meses,1
10.1,French Bulldog,M,esterilizado,19.2,pequeno,cojera,dermatitis,False,9.3,ninguno,3,cavidad oral,0.57,lobulada,blanda,fija,irregulares,moderado,False,False,examen clinico,True,False,True,no concluyente,benigno,adenoma,no aplica,17.1,severo,False,False,False,False,regresiva,desfavorable,quimioterapia,buena,12 meses,0
11.2,Pastor Alemán,M,entero,35.4,mediano,perdida de apetito,endocrinopatia,False,8.7,antibioticos,1,bazo,2.48,nodular,blanda,semi-fija,infiltrativos,rapido,False,False,citologia,True,True,True,benigno,inflamatorio,lipoma,intermedio,7.4,leve,True,False,False,True,estable,reservado,quimioterapia,,12 meses,1
2.7,Labrador,M,esterilizado,27.4,pequeno,sangrado local,dermatitis,True,10.1,antibioticos,1,piel,6.2,lobulada,dura,fija,definidos,rapido,True,True,imagen,True,True,True,maligno,,adenoma,no aplica,15.8,moderado,True,False,False,False,regresiva,reservado,cirugia+quimio,,1 mes,1
10.1,Boxer,F,esterilizado,42.5,mediano,sangrado local,ninguno,False,2.3,ninguno,1,mama,5.22,difusa,dura,fija,definidos,rapido,False,False,imagen,True,True,False,sospechoso,inflamatorio,mastocitoma,alto,4.2,severo,False,True,False,False,progresiva,reservado,observacion,parcial,1 mes,1
9.5,Boxer,M,entero,35.6,mediano,sangrado local,dermatitis,False,11.2,antibioticos,1,piel,1.01,difusa,dura,movil,infiltrativos,moderado,False,False,citologia,False,True,True,maligno,no realizado,sarcoma,bajo,2.3,leve,False,True,True,True,regresiva,desfavorable,cirugia+quimio,mala,6 meses,1
13.4,Pastor Alemán,M,entero,6.1,mediano,chequeo general,obesidad,False,10.4,cirugia previa,1,tejido subcutaneo,6.39,irregular,dura,fija,infiltrativos,lento,True,True,biopsia,True,True,True,sospechoso,inflamatorio,adenoma,,5.4,severo,True,False,False,False,progresiva,reservado,quimioterapia,mala,6 meses,1
12.0,French Bulldog,F,esterilizado,7.2,mediano,cojera,ninguno,True,6.9,antiinflamatorios,1,cavidad oral,8.47,lobulada,dura,movil,definidos,rapido,True,True,citologia,True,False,False,sospechoso,benigno,lipoma,bajo,6.7,severo,False,False,False,False,progresiva,reservado,observacion,sin tratamiento,12 meses,0
11.0,Pastor Alemán,M,entero,33.5,mediano,cojera,endocrinopatia,True,6.5,ninguno,3,bazo,3.04,nodular,firme,movil,infiltrativos,rapido,False,False,examen clinico,False,False,True,no concluyente,maligno,sarcoma,intermedio,4.8,moderado,False,False,False,True,regresiva,favorable,paliativo,,1 mes,1
11.3,Mestizo,F,entero,29.8,mediano,sangrado local,dermatitis,False,11.8,antibioticos,3,tejido subcutaneo,4.56,difusa,dura,semi-fija,infiltrativos,moderado,True,True,biopsia,True,True,True,no concluyente,benigno,mastocitoma,no aplica,17.2,leve,False,False,True,False,progresiva,desfavorable,cirugia+quimio,,1 mes,1
12.6,Pastor Alemán,F,esterilizado,19.4,mediano,chequeo general,obesidad,True,1.0,cirugia previa,3,mama,3.26,nodular,firme,semi-fija,irregulares,lento,False,True,citologia,False,True,False,maligno,maligno,linfoma,bajo,17.1,leve,False,True,False,False,regresiva,favorable,observacion,buena,6 meses,1
5.4,Golden Retriever,F,esterilizado,20.4,grande,cojera,ninguno,True,0.5,ninguno,2,tejido subcutaneo,7.18,nodular,blanda,semi-fija,irregulares,lento,True,False,citologia,True,False,False,no concluyente,no realizado,mastocitoma,alto,15.5,leve,True,False,False,False,estable,desfavorable,paliativo,buena,1 mes,1
5.9,Mestizo,M,esterilizado,14.5,pequeno,masa palpable,cirugia previa,False,8.2,cirugia previa,1,tejido subcutaneo,1.11,difusa,dura,semi-fija,irregulares,moderado,False,False,citologia,True,False,False,maligno,benigno,lipoma,intermedio,10.4,leve,False,False,False,False,regresiva,reservado,quimioterapia,buena,1 mes,1
3.1,Mestizo,F,entero,5.5,mediano,perdida de apetito,obesidad,True,4.9,antiinflamatorios,1,cavidad oral,6.29,difusa,blanda,semi-fija,infiltrativos,lento,False,False,imagen,True,False,True,no concluyente,benigno,adenoma,no aplica,12.6,no aplica,True,True,False,True,estable,reservado,observacion,sin tratamiento,12 meses,1
7.3,Labrador,F,entero,21.3,mediano,perdida de apetito,endocrinopatia,True,12.5,antiinflamatorios,1,cavidad oral,4.85,irregular,dura,fija,irregulares,rapido,False,False,citologia,False,False,False,sospechoso,,linfoma,no aplica,0.2,no aplica,True,False,False,True,regresiva,favorable,cirugia,sin tratamiento,12 meses,1
9.4,Golden Retriever,F,entero,42.0,mediano,perdida de apetito,obesidad,False,4.4,cirugia previa,1,extremidad,5.01,irregular,blanda,fija,definidos,lento,False,False,biopsia,True,True,False,no concluyente,inflamatorio,linfoma,alto,,no aplica,True,True,True,False,regresiva,favorable,cirugia,buena,12 meses,1
7.6,Beagle,F,esterilizado,15.7,pequeno,cojera,endocrinopatia,False,10.9,cirugia previa,1,cavidad oral,7.6,lobulada,dura,movil,infiltrativos,lento,False,False,biopsia,False,False,False,no concluyente,inflamatorio,sarcoma,bajo,,no aplica,False,True,False,False,regresiva,reservado,cirugia+quimio,buena,3 meses,1
8.9,Labrador,F,esterilizado,7.0,mediano,perdida de apetito,endocrinopatia,False,8.6,ninguno,3,cavidad oral,5.88,difusa,blanda,fija,infiltrativos,moderado,True,True,examen clinico,False,False,False,no concluyente,no realizado,mastocitoma,no aplica,13.5,leve,True,True,False,True,regresiva,favorable,cirugia,sin tratamiento,12 meses,1
13.9,Pastor Alemán,M,entero,17.0,grande,perdida de apetito,dermatitis,False,8.3,antibioticos,2,piel,8.48,difusa,firme,fija,infiltrativos,lento,True,False,citologia,False,True,True,maligno,maligno,sarcoma,no aplica,3.1,leve,False,False,True,False,regresiva,favorable,paliativo,mala,1 mes,1
15.5,Boxer,M,entero,12.1,mediano,chequeo general,ninguno,False,13.2,antibioticos,3,bazo,8.5,irregular,dura,fija,definidos,moderado,True,False,citologia,True,False,True,sospechoso,inflamatorio,mastocitoma,intermedio,17.6,severo,False,False,False,False,progresiva,desfavorable,paliativo,mala,3 meses,1
11.5,Pastor Alemán,F,entero,17.4,grande,sangrado local,cirugia previa,True,10.9,antibioticos,1,tejido subcutaneo,2.57,nodular,dura,fija,infiltrativos,lento,False,False,biopsia,True,True,False,benigno,inflamatorio,sarcoma,bajo,11.3,leve,True,False,False,False,estable,reservado,quimioterapia,buena,12 meses,1
11.4,Beagle,F,esterilizado,38.0,mediano,perdida de apetito,endocrinopatia,True,9.6,antibioticos,1,mama,6.94,nodular,firme,semi-fija,irregulares,rapido,False,True,citologia,False,False,False,sospechoso,maligno,mastocitoma,alto,14.2,leve,False,False,False,False,progresiva,reservado,cirugia,mala,1 mes,1
13.9,French Bulldog,M,entero,9.5,grande,perdida de apetito,ninguno,False,5.0,cirugia previa,2,bazo,3.73,irregular,firme,fija,irregulares,moderado,False,False,examen clinico,True,True,False,no concluyente,inflamatorio,carcinoma,no aplica,10.7,leve,False,False,False,True,regresiva,favorable,cirugia,parcial,6 meses,1
10.7,Golden Retriever,F,entero,4.9,mediano,chequeo general,ninguno,True,9.2,cirugia previa,1,cavidad oral,3.01,difusa,blanda,semi-fija,irregulares,lento,True,False,examen clinico,True,True,False,benigno,no realizado,adenoma,intermedio,5.7,no aplica,False,True,False,False,progresiva,favorable,quimioterapia,mala,6 meses,0
12.7,Beagle,F,esterilizado,7.7,pequeno,chequeo general,endocrinopatia,False,12.2,ninguno,1,piel,3.23,lobulada,blanda,fija,infiltrativos,rapido,False,False,imagen,True,True,True,maligno,benigno,linfoma,alto,4.5,severo,False,False,True,False,progresiva,reservado,cirugia+quimio,,12 meses,1
12.1,Golden Retriever,M,entero,25.5,pequeno,cojera,obesidad,False,4.0,cirugia previa,3,extremidad,2.42,difusa,blanda,movil,irregulares,moderado,True,False,examen clinico,True,False,True,maligno,no realizado,lipoma,bajo,3.3,severo,False,False,True,False,estable,favorable,paliativo,,6 meses,0
9.6,Golden Retriever,F,esterilizado,34.4,pequeno,perdida de apetito,endocrinopatia,False,8.5,antiinflamatorios,3,cavidad oral,2.67,difusa,blanda,movil,irregulares,rapido,True,False,biopsia,True,True,False,sospechoso,benigno,linfoma,alto,13.1,no aplica,False,False,False,False,regresiva,favorable,quimioterapia,parcial,6 meses,1
11.5,Beagle,F,esterilizado,19.9,grande,sangrado local,ninguno,False,7.9,antibioticos,1,mama,6.81,lobulada,firme,semi-fija,irregulares,moderado,False,True,citologia,True,False,True,benigno,inflamatorio,linfoma,no aplica,17.8,no aplica,False,True,False,False,estable,reservado,cirugia,buena,1 mes,1
7.0,French Bulldog,F,entero,20.6,grande,perdida de apetito,cirugia previa,False,8.9,antibioticos,2,extremidad,4.93,irregular,firme,semi-fija,irregulares,moderado,False,False,citologia,True,True,False,no concluyente,maligno,sarcoma,bajo,6.9,no aplica,False,False,False,False,estable,desfavorable,paliativo,sin tratamiento,12 meses,0
2.4,Pastor Alemán,M,esterilizado,26.2,pequeno,cojera,obesidad,False,12.3,antiinflamatorios,2,bazo,8.32,lobulada,blanda,semi-fija,definidos,lento,True,False,citologia,True,True,True,sospechoso,no realizado,linfoma,bajo,14.5,severo,False,False,False,False,estable,favorable,observacion,mala,12 meses,0
